peptide_sequences,half_lives
AGVAGLITG,0.101
ASTVIYRGV,0.2768
ATISTSPQS,0.1779
FLLIHQGMH,0.2425
FQRTFSIPL,0.5515
GTNETEYLF,0.3094
GVATAHGST,0.1464
ILGSLGLRK,0.1349
IQVHAEQGL,0.3901
IQYPTAWQS,0.2589
ISFQQTNAM,0.2706
ITTAVKTVL,0.3422
KIDQIIHDF,0.4813
KQLQQYAES,0.2372
LTTPENITT,0.2139
LVCKDHLAS,0.1698
MGVTGILQL,0.2039
NVPGPHRTI,0.1958
PLGVIHNST,0.1367
QLANETTQA,0.6874
QLANETTQA,0.6874
STLAGVNVG,0.1343
STSPQSLTT,0.198
TLDGQQFYW,0.4659
TTPENITTA,0.408
VAFLILPQA,0.6141
YQQLREAAT,0.2019
YQSYSENGM,0.3107
ASNIVLDQI,0.2709
CIDILRSLE,0.0758
FIHIPGDTL,0.2618
FLPNPAFIH,0.3153
IIIAVARKH,0.1776
IKHVGLITC,0.1967
ILNTIQFMH,0.4661
ILRSIEGEL,0.2403
ITPIVFYRS,0.1415
KVFAPKQKM,0.2982
LLEAVYGNI,0.3695
LNGAMVEYV,0.3211
QLLLQKYPP,0.214
QVPKLLLWF,0.2674
RQLAKAIIT,0.2502
SISIKLTDS,0.1152
TSQVPKLLL,0.1557
VINRLGADL,0.271
AGPPKAENT,0.0857
AMVQVHSQG,0.2147
ASENSSAMV,0.2258
EGHGFRFEV,0.168
EMYRHILRS,0.271
FGTNETEYL,0.277
FLILPQAKK,0.2062
FQQTNAMVT,0.3662
FSGLLIVKT,0.1762
GIRPSSSQI,0.228
GLSLLQLPR,0.1967
HLTTLATIS,0.1896
IGEWAFWET,0.1242
ISGQSPART,0.1166
IVKTVLDHI,0.4825
KHGEYAPFA,0.3137
KINQIIHDF,0.6519
KNSPGMVPL,0.2796
LGLITNTIA,0.1271
NQDGLICGL,0.4701
NTIAGVAGL,0.3919
QLRSVGLNL,0.2899
RFKRTSFFL,0.3574
RGTTFAEGV,0.2992
RGVRLHPLA,0.1726
RSEELSFTV,0.6302
RSGVPPKVV,0.1392
RSGVPPKVV,0.1392
SFTVVSNGA,0.1701
SMPLGVVTN,0.1386
SSAMVQVHS,0.1158
SSHPLREPV,0.312
SSYYATSYL,0.5412
STSNGLITS,0.1758
SVMATEEPT,0.3417
TIAGVAGLI,0.3766
TSPRMLTPI,0.3594
VIFRLMRTN,0.119
VIILFQRTF,0.2656
VVSNGAKNI,0.2731
WAFWETKKN,0.0892
GLVSKFMSN,0.1348
HVGLITCKA,0.4209
ILRSLETDL,0.2494
ISIKLTDSL,0.2549
ITCKAFGLY,0.1784
KSRNTTPMM,0.1832
KTLCDMIKG,0.1529
KTSQVPKLL,0.3009
LTDSLSSQM,0.2386
LTPKAQREI,0.2295
LVSKFMSNG,0.1904
NLSPETLVG,0.1581
NSLYPNVCI,0.2812
SLFTEQAFY,0.2641
SVIEEWKKS,0.1151
YSHGDIKAS,0.1219
ATTELRTFS,0.128
ENSSAMVQV,0.1505
EQYQQLREA,0.3648
ETFLQSPPI,0.306
EVNSFKAAL,0.2787
FAFHKEGAF,0.1613
FARLLNLSG,0.1016
FIDNPLPNQ,0.1463
FKIDNNTFV,13.569
FLQSPPIRE,0.1337
FMAILQHHQ,0.19
FSIPLGVIH,0.1481
FVTLDGQQF,0.2497
GAAIGLAWI,0.2646
GVKRLEELL,0.2114
HKIMASENS,0.0908
IDFLLRRWG,0.0584
IIGTNGNHM,0.2141
ITGGRRTRR,0.1045
KIMASENSS,0.1949
KVNPEIDTT,0.3718
LEHGLFPQL,0.2552
LYDRLASTV,0.2839
LYDRLASTV,0.2839
NAAGIAWIP,0.1273
NAMVTLRKE,0.0827
NLEEICQLI,17.175
QFLLQLNET,0.1567
QLKSVGLNL,0.3757
QVNNLEEIC,0.1866
RKSSFFVWV,0.5507
RLLNLSGVN,0.1232
RTFSILNRK,0.2111
RTNFLIKFL,0.4027
SAIALGVAT,0.1884
SGLLIVKTV,0.2099
SHLTTLATI,0.3666
SSTNQLRSV,0.3551
TGPCAGDFA,0.1027
TLFKIDNNT,0.3499
TTFAEGVVA,0.2429
TTGKLIWKV,0.6532
TTLPSQNST,0.1459
TVTGILGSL,0.2989
VHSQGREAA,0.1395
VSHLTTLAT,0.16
VSYEAGEWA,0.1913
WMAPSLTES,0.4484
WQSVGHMMV,0.952
AVYGNIKHK,0.1681
CIEYVTLNA,0.3543
FGNLSPETL,0.1805
FMHEQGYSH,0.324
GIKCIKKGV,0.2397
ITFALKKLI,0.3343
KSINVEYRF,0.2462
KVFLPNPAF,0.3283
LAKAIITPI,0.4542
LIGIEILNT,0.1969
MLEGETKLY,0.159
RLKVFLPNP,0.2765
SINVEYRFL,0.2897
SNAKCIEYV,0.6008
TKIDSMFLM,0.2994
TPMMIQTRA,0.1861
VVANVIGLS,0.2213
WLGGILPWT,0.518
YVSAGESSI,0.7392
AFWETKKNL,0.2043
ALSSLAKHG,0.1303
ALVCGLRQL,12.068
AQPKCNPNL,0.523
FEVDNLTYV,17.262
FLESGAVKY,0.2663
FLRATTELR,0.2174
FLRATTELR,0.2174
FQESADSFL,0.492
GLRQLANET,0.1876
GLRQLANET,0.1876
GQFLSFASL,0.4794
GSTLAGVNV,0.196
HGLFPQLSA,0.1478
HSQGREAAV,0.2237
IHDFIDNPL,0.2158
IHQGMHMVA,0.1653
ILGPDCCIE,0.1256
ILGPDCCIE,0.1256
ITSTVTGIL,0.2305
KLDISEATQ,0.1
KLSSTNQLR,0.2922
KVSGTGPCA,0.5183
LLQLNETIY,0.192
LMNFHQKKN,0.1017
NETEYLFEV,0.9072
NNLEEICQL,0.2221
NSTLEVTEI,0.196
NTSKSTDFL,0.2557
RMLTPINEE,0.1311
SASSGKLGL,0.2447
SFKAALSSL,0.2034
SNGLITSTV,0.2017
SQGPFDAVL,0.3559
SSFFVWVII,0.321
STEGRRVGV,0.1571
TGPCPGDYA,0.1022
TTLATISTS,0.1711
VLYYHMMKD,0.1898
VNPEIDTTI,0.172
VTEIDQLVC,0.146
ELSNGMLRF,0.3442
FIMLEGETK,0.1946
FMSNGEHVP,0.327
GTETKITFA,0.1932
HTKIDSMFL,0.2101
IFGNLSPET,0.1499
ITDFHERPV,0.4686
LLLQKYPPP,0.4283
LRYLLFGIK,0.09
LSSQMTSTF,0.2581
LVGVVVSTN,0.1134
PIDSHKGYV,0.2535
SIEGELESL,0.2442
WISHRPVVL,0.4273
APFARLLNL,0.2273
ATSYLEYEI,0.6072
DFLLRRWGG,0.0747
ELSFEALSL,0.2643
GHMMVIFRL,10.131
GIYIEGLMH,0.1361
IGLAWIPYF,0.2767
IILFQKAFS,0.1942
IILFQRTFS,0.1807
IKKPDGSEC,0.0998
IKKPDGSEC,0.0998
ITAASLPKT,0.341
LGVIHNSTL,0.1507
LQVSDVDKL,0.303
MMKDEPVVF,0.2453
NITTAVKTV,0.5507
PQLSAIALG,0.1126
PTVAPPAPV,0.2247
QFLSFASLF,0.2474
QKIWMAPSL,0.2657
QLREAATEA,0.3552
QQYAESREL,0.3057
RLDRPHTPQ,0.1289
RLHPLARTA,0.9839
RYQATGFGT,0.1704
STDFLDPAT,0.1495
TTAAGPPKA,0.2301
TTHTSGPSV,0.2687
TVIYRGVNF,0.2149
VISNSVAQA,0.8313
YLEYEIENF,0.4079
EVVANVIGL,0.2681
FALKKLIID,0.1128
GVVVSTNRL,0.2954
IITPIVFYR,0.471
KAQREIFSA,0.4967
KFMSNGEHV,10.751
KLNGAMVEY,0.443
KLYKNKSKQ,0.1494
LIIDEVHEH,0.3672
QLAKAIITP,0.2758
QVCIDILRS,0.1217
RVGRVNPGT,0.2631
SAWISHRPV,0.355
SLSKRERQL,0.3412
SLSSQMTST,0.517
TLNASQYAN,0.1363
VFLPNPAFI,0.3792
VILSLPRIA,0.2913
EQGLIQYPT,0.174
FKAALSSLA,0.3029
FLIKFLLIH,0.6889
GRRTRREAI,0.0831
HILGPDCCI,0.796
HILQKTERG,0.1871
HILRSQGPF,0.2273
IDFLLQRWG,0.0628
ILMNFHQKK,0.3912
ITDKINQII,0.4372
KSTDFLDPA,0.8061
LCLHHAYQG,0.1363
LFLRATTEL,0.3944
LFLRATTEL,0.3944
LLNLSGVNN,0.115
LLPAVSSGK,0.1889
LNLSGVNNL,0.1992
NITDKINQI,0.537
NLEGSGVST,0.1551
NNNTHHQDT,0.0916
QFLFQLNDT,0.1282
RGFPRCRYV,0.498
RGFPRCRYV,0.498
RPIQNVPGP,0.1682
RTPTVAPPA,0.6472
SRFTPQFLL,0.2576
SSLAKHGEY,0.1179
SSLPPLESD,0.0785
TQETITETA,0.2219
VAPPAPVYR,0.1352
VLFDLDEDD,0.1125
CSSISIKLT,0.104
FSAWISHRP,0.2039
GCLRIQSLM,0.2001
GLITCKAFG,0.2457
IFINKLNGA,0.445
KCIEYVTLN,0.1356
LFTEQAFYT,0.2612
LIIDREVVA,0.6887
LLQKYPPPR,0.2969
MEKSSKYYI,0.3028
MLSEGRMNS,0.2708
NVEYRFLVI,0.2198
PVILSLPRI,0.4294
QMTSTFIML,10.428
TGVGKTSQV,0.158
VTLNASQYA,0.5324
YGTLIIDEV,0.387
YMDDRDINP,0.2345
AFSMPLGVV,0.2447
AIVNAQPKC,0.383
CLEKVQRQI,0.4944
DFLLQRWGG,0.0731
DGQQFYWPV,0.2147
ELSFTVVSN,0.1089
FAEGVVAFL,0.4361
FRLMRTNFL,0.3272
GEYAPFARL,0.2504
GLITSTVTG,0.2845
GMHMVAGHD,0.0835
GMNAPDDLV,0.7307
GTTFAEGVV,0.1646
GVNNLEHGL,0.5025
HTSGPSVMA,0.2838
IAWIPYFGP,0.1331
KDFFSSHPL,0.2328
LARTAKVKN,0.0659
LFEVDNLTY,0.1334
LLQRWGGTC,0.3241
LMRTNFLIK,0.1556
MRTNFLIKF,0.2324
MVIFRLMRT,0.5082
NLSGVNNLE,0.1108
NVGEQYQQL,0.2867
PRCRYVHKV,0.2061
RSNTTGKLI,0.1602
TGILGSLGL,0.1626
TGILQLPRD,0.0775
TLATISTSP,0.1953
TQSRPIQNV,0.5034
TTQDEGAAI,0.2064
VIPVYQVNN,0.0971
VMATEEPTT,0.3791
VQLESRFTP,0.1678
YHMMKDEPV,0.793
YQATGFGTN,0.1271
FLMTATLED,0.296
GGILPWTKI,0.1378
GLYKSINVE,0.1342
IDSMFLMTA,0.2232
KIDSMFLMT,0.4116
NLNVTTQSI,0.9907
TLEDDRERL,0.2384
AWIPYFGPA,0.489
CLPAAPDGI,0.4573
FLLMLCLHH,0.6013
GKRSNTTGK,0.0878
GVVAFLILP,0.1958
IVRQRVIPV,0.5892
LITNTIAGV,33.576
LIWKVNPEI,20.819
LRKERLAKL,0.1418
MDYHKILTA,0.2466
QHSTTLFKI,0.3601
QIIHDFVDK,0.1332
RTAKVKNEV,0.8136
SNRTPTVAP,0.0659
KIKDVSYND,0.1127
PVVLTGGTG,0.0759
RLPKRSVML,14.828
YANCSSISI,0.5099
DHLGLDDQE,0.0545
EGAFFLYDR,0.0908
FLFQLNDTI,54.977
GAVKYLEGH,0.1537
GVIAFLILA,24.694
IDNNTFVRL,0.1482
NLHYWTAQE,0.1342
SSGKLGLIT,0.0997
QIDKNKLYL,0.5225
TLVGVVVST,0.7876
TRAADEPPL,0.1489
DLVLFDLDE,0.0736
GVATDVPSA,0.6085
KKILMNFHQ,0.095
QYPTAWQSV,0.1826
KLFSYGTLI,54.647
KLLLWFNYL,38.557
MLYQLLEAV,150.873
AMYYRRTER,0.2472
DIKDTKEAL,0.1506
DLYDYITRI,0.8384
DMRKRIEAF,0.1622
DPKKTGGPI,0.0915
EFKQILTDF,0.1273
EFKRRLKDL,0.1055
EIKDTEEAL,0.169
EIKSLFNTI,0.2112
ELDEIGEDV,0.3921
ELRSLYNTV,0.2551
ELVRKTRFL,0.3304
EYKKSLYKF,0.1459
FHLRSRFAF,0.2308
FLDDASNSA,11.423
FMHSAAPIT,0.7485
FMKVKFEAL,0.3945
FPREGVFVF,0.1675
FPRGQGVPI,0.148
FVRQCFNPM,0.2913
FVRTLFQQM,0.1797
HLKRTILAL,0.622
HLPELIWRS,0.5245
HTAWDSHWV,0.6993
IFRRDQIWF,0.1208
ILLRKGHVF,0.3948
IPKRNRSIL,0.1036
IPRRNVATL,0.1287
KVRGRLLAL,0.3198
LAYARGQAM,0.2004
LFQPLHTVM,0.191
LPQTRWQAV,0.1574
LSDDSGLMV,0.3262
MGHPKNAYL,0.1814
NLKLYGAEF,0.1913
NLPSKPVWL,0.3195
NNKSRLVAF,0.1028
PILPKLFIL,0.4372
PLKVKDIPF,0.1847
QAKWRLQTL,0.1935
QARQMVQAM,0.1484
QTDDGVRFT,0.1694
RGRAATMAL,0.146
RIKTRLFTI,0.6907
RLTGREGAV,0.7381
RPYGKFRAM,0.1785
TPRKKNYHF,0.1045
TTLPVNVAF,0.2818
VERLKHGTF,0.0892
VVYKEAKIK,0.1092
WLKERLPGF,0.39
WMDMWESPM,0.4686
WMQELRAGA,0.4203
WSILRQRCW,0.1299
YLKKWLNSF,0.504
YRKPSGGVF,0.1053
YYLEKANKI,0.2878
FIFLKKNEL,0.4893
AINVEKIEL,0.3567
IQGNVTSIH,0.1688
ALDISFTGA,0.4228
AMISLAKKI,0.9505
AVGIGLRLV,0.4468
CTDPPLLSV,0.5718
FGLLPEHYV,0.2896
FLMRNAIQY,0.5639
FLRGRAYGL,0.5977
FQMGGIGPM,0.7675
GLLDWGMQQ,0.1634
IAHGFEQYI,0.4435
IIFDFFDSL,0.8969
KAYANMWSL,0.804
LLRRRPYPL,0.4528
MLYPLLWMF,11.716
RIYRKGNPL,0.5001
RQNAPFEPI,0.7343
SLFNWLWYE,0.3591
SMHFYGWSL,0.7487
SQYDPKELL,0.4443
TLRAAMISL,0.3359
TVSERILPL,0.94
VFKVKLHEI,0.2171
VLGSWPVDL,0.6326
VTGCASLYV,0.4514
WQDGGWQSV,0.6555
YITDYSNDI,10.406
ELVSEFSRV,0.742
GTHSWEYWG,0.1127
HSMSSTHEA,0.8372
DLYDMIHNV,11.906
ELISSAFKV,11.048
ETDDYMFFV,0.6268
FGGGPWWEV,0.2716
FHFNPLPNV,0.7508
FMYEDALKS,0.5852
FTFEWNGRI,0.6202
GLDDSALDA,0.2733
GLYEWISEQ,0.2772
GMDPRMCSL,0.7937
GQLASMVKL,0.6304
IMALKQAGL,0.5598
ITSYKFESV,0.5327
MQACPVDAI,0.6823
NLIDWFNQT,0.8346
RFLEDYFGV,0.8133
RQIQGIAAF,0.5433
SIYHTGVEL,0.6839
SLFDVGKFT,0.3701
TLKDAMLQL,0.7157
TMDPSVRVL,0.4461
TVADIWHAM,0.472
VLPFDIKKL,0.3559
VLSELPDFL,12.622
VQDPKFWEL,0.5263
WLYDLWGQL,0.6904
YADHGANQL,0.3064
YFKRELKSF,0.1406
IISAVVGIL,0.4505
IISAVVGIL,0.4505
ALFYKDGKL,0.4972
KIEDLINQL,0.5192
MAGSSAMIL,0.2061
GLKISLCGI,0.6813
KLHCTERSL,0.4655
KLWASFFQG,0.4581
KLYERNTAF,12.601
KVHADDIPV,15.114
MMFDAMGAL,0.7134
MSDIFHALV,0.4029
MSDWGHITV,0.5999
MTACGRIVV,0.418
MTSERTLAV,0.8086
MVVKVNAAL,0.5751
NISLPLYTV,13.328
NQNDNEETV,0.5928
RAWGRRLMI,0.445
SFYGYGFNV,0.5832
SMLSYGNVL,0.7438
TVVPLMAFL,0.6282
VLPPEINSL,0.661
YHLGGIEGL,0.6666
YLPEDSDIL,0.8047
YNIDRLNAL,0.3583
VLRDDLCEA,16.235
ALSPPLLLL,22.96
DLNKVIQFL,0.7621
DMWEHAFYL,16.861
FSYNVAYAI,10.777
GLYPAQIKA,12.362
HQFTSNPEV,15.512
ITAALAWSL,0.7297
IVAQGIAAL,11.206
KLAEIFQPF,22.581
KLQWLFAAL,22.177
KLYFWIPWS,0.5412
LMQDCAIKA,13.248
MMLAQAYYG,0.4156
RTCSNWVPL,0.8128
SIYEVGIVL,0.7284
SVFELSNFA,0.5328
VLFRLENHA,0.6338
VVPYEPPEV,0.4738
WLLLRQLPI,14.879
YINMAWNLV,10.806
YVIRDLAAM,0.8458
KVLDIDEIL,0.7548
AAGIGILTV,0.3712
AIVGGLAEL,0.8542
FAFKLSFAI,14.96
FVRELLTEV,0.771
HLEDGIYGI,15.65
IVFYSYAGV,13.046
KFLDWMIFI,14.545
KLHRYIDSM,0.6357
KMLDPRQGL,0.9082
KQWIVAGAI,0.3511
LIIDEIGYL,0.7934
MLEEMQSAV,14.366
MLVGHMPFM,10.867
MTTEDMLEV,11.89
NLEKKITNV,0.5604
RVACRDVEV,13.884
SLGDPLHQA,10.894
SLIPDATHL,13.369
SVFQGALFA,0.9581
SVYSWAIML,10.363
YTIEGIAFM,0.7667
YTITSLFSL,13.619
YTLNNGVAM,0.4212
EIINNITAV,0.9524
IISAVVGIV,11.654
IISAVVGIV,11.654
SQIMYNYPT,0.81
QIMYNYPTM,10.307
GITYQAWQA,0.6166
FIVEHINAM,0.6473
FMVYVPLPA,35.673
FTFDNSKFV,10.526
HLGNVKYLV,28.9
ILHRLAPWI,11.27
KMFNSVGGA,10.884
MTSELAALI,0.588
SLGQYIYET,0.8999
SLPPNFSSL,0.9754
SLSRFSWGA,17.126
TLKPGTMSV,13.211
VLVKSPNHV,13.714
YTFTSLFSL,14.67
LIDNPDNNL,0.259
YIIKKNDIV,13.821
TVMINNVKL,0.6407
FEWYYQSGL,0.4972
FMVAWGKEA,10.551
FTLDADLGI,0.8676
GIYCTVPFI,24.906
GLAGGAATA,0.9757
KINIFMAFL,11.505
KQMEDGHTL,13.556
NLYGWHLPL,14.053
RMWEFLDRL,38.121
SILEYAKSI,0.6917
SMFYGIFPS,10.083
YVIEPAAGL,0.8571
EMQLKIDKL,0.2671
YIDISDVKV,0.8694
EINNELELV,0.7695
RIIYIIRFL,23.201
ELLNILTEL,17.463
EVNKALYDL,0.3804
QSLGAEIAV,0.3341
SAWQGDTGI,0.523
FGAQMGWPV,0.9915
GILKSILKV,15.663
MVAKYDLLV,18.791
NLKDEQFPV,15.452
TLKDGDFIL,0.7344
TVFCFFNYI,11.395
VLPPLSADL,0.6786
YMYAVSGAL,12.577
VLESCWPDV,0.9564
FVEPEELNL,0.3115
TLKQRLTNL,0.5147
TINDLKMML,0.8409
AMASTEGNV,0.5398
WILRGTSFV,24.964
LLSSNLSWL,29.226
ELYENKPDV,0.699
FLNEDHWAS,0.9523
FLRFGDFKL,0.9379
GIYHDICEI,25.651
MIAVALAGL,0.888
MLGEETIKV,24.73
QLQCHQIAI,12.717
RLDARLQVL,15.918
RQLLWRYQI,0.8952
SLFPEFSEL,12.961
YLEPGPVTA,10.373
MPQMKKILK,0.0835
ILSALVGIL,0.8029
LILDPKINV,0.9409
ILSALVGIV,23.851
QIMYNYPAM,0.8437
AMLDHAGDM,0.3331
AMPKTIYEL,28.679
CMLDGGNML,11.703
FLHPKHWGT,0.9125
GLQADAPHL,11.977
KLKSLYNTV,14.405
LLLRPFWPA,24.177
LMQCWQLLA,19.938
LTVKHMANV,10.636
MLIASTTGM,0.9953
MVFGRFSFA,10.212
SMIFSVLDA,0.9627
SMVNGVVRL,16.972
SVFSRPLPL,0.8247
TLLMNELGV,17.209
VLNETTNWL,16.705
VMNPLGLNV,15.853
IISALVGIV,0.8427
KIIQRVQDL,0.9591
VQQKWDATA,0.4995
AAYHPQQFI,0.4608
RAFPNAPYL,11.948
ALCRWGLLL,14.913
IMGAVLIWV,46.964
KLVANNTRL,20.621
KMFTYLMES,0.8701
RQWAQDLTL,12.523
TLLCGAATA,13.592
WLAKSFFEL,27.203
YMSPHHKKL,15.984
YTYPIAHTA,17.788
YVDIIGLSV,0.9195
SLFKNVRLL,19.608
FAPGFFPYL,0.8367
FLILGMLLM,15.104
FLKNRFEAL,0.7046
FVDGVPFVV,21.561
GMPNWCVSI,23.036
SMVNGVVKL,14.859
TVIEGLDKL,0.5702
VLPFDIKYI,0.6948
SLLDEGKQS,0.131
LSMAGSSAM,0.3093
MLGHAGDMA,0.4082
CLTEYILWV,64.615
FLARSALIL,20.063
GIYGAVIPL,22.353
GLYSLPHDL,17.356
SLKERIDML,0.6259
SMVNGVIKI,21.148
TLNAWVKVV,25.799
VLYCVHQHI,30.104
VMSELFDTL,14.953
WLGNHGFEV,30.834
YMPSVVETL,71.458
VLPSIAKGL,0.6048
MLDHAGDMA,0.4016
CINGVCWTV,117.555
AIIRILQQL,29.121
DLMLLSYSL,0.7752
FAMTVPLLI,14.225
GLCTLVAML,22.03
GLLEAGNSL,0.9031
ITDQVPFSV,13.289
KLQPSDTLL,15.514
LAIVTTPLV,10.179
MLVGQVTLL,19.324
SLTPSPLDL,0.6189
WQMFMKVTV,21.504
YMLSWGKEA,17.309
KIGPPTVTL,0.7846
VLCLRPVGA,0.5304
AEFGPWQTV,0.5046
FVAEGDALV,22.982
PLWESATEV,18.277
QLAFTYCQV,22.386
SLVNGVVRL,19.847
SLYEKSGSV,11.302
ALQNLARTI,10.759
AMKGDLQSS,0.2006
AMLGHAGDM,0.2732
TLQSLGAEI,0.76
ILATDIAEM,11.058
KQWGWFALL,16.118
LMTGGVTLV,64.842
RVQFIPGQR,0.1327
SLTECPTFL,35.373
TLYCVHQEI,21.552
YIVGYYSAL,10.397
ILSAVVGIL,10.315
ILSAVVGIL,10.315
RMFPNGPYL,51.436
SLGAEIAVE,0.1004
VLEETSVML,10.444
ALSSDGDTV,11.39
AVGFFPTGV,0.5464
GLDPTGVAV,12.308
NTIHFTAFV,24.015
RRSLLAHVR,0.1033
VLLAFLNSM,16.3
VTTEVAFGL,0.8679
WLGHPFTPV,23.019
WVWDTWPLA,0.8144
YQVEGATRV,26.056
YVDIYAASV,12.998
VAANIVLTV,20.346
VLHKRTLGL,13.599
LLMWITQCF,42.237
DLMGYIPAV,39.929
ALEEGRKYV,0.7253
AQRWANQIR,0.1284
FIFFFLFNI,54.734
FQYYGIDWV,35.798
GVYGGLCLA,19.738
IVAPYLFWL,26.798
KLFIRQEEV,31.652
LLGPVIGML,11.21
LLPGVAHSI,26.638
RVRQAWDTL,0.2603
TMLYNKMEF,0.6352
VVPSYIPLV,27.469
KINIFMAFL,11.505
KLAAAWGGS,0.1884
KLVMSQANV,22.674
RLVDDFLLV,58.744
ITDQVPFSV,13.289
FAFRDLCIV,21.557
TLHEYMLDL,13.032
KLPQLCTEL,54.663
RLVTLKDIV,12.004
ALFEDYPGC,14.666
CLGGLLTMV,48.709
DLMGYIPLV,34.652
FTIGNMFSL,12.797
ISDPLTSGL,0.3608
KLQDLTLRC,15.341
KQLELFWVI,34.619
LVEKVLKIL,0.2838
SIFERIREA,0.885
SRWAISHWL,0.3319
TVYDINNEV,11.514
YMYDFILRF,35.517
YQYGDNLIL,15.863
FIDKKVLKV,28.603
SVWSKLQSI,12.082
GLSIVMPVG,0.2163
FGKWRPVQL,0.1332
FLEESHPGI,16.123
FQWHEAMFL,39.22
FTASVSTVV,13.525
GLHAAAPHL,20.477
IMAVGLVSL,15.849
YMKPGSSPL,12.929
VLMIKALEL,14.109
KIFCISIFL,25.687
FTSSFYNYV,24.26
MQYEVTQHA,18.685
SMVKLPIFL,11.22
TMPELAWAV,32.87
YLHPKDKYL,14.247
YMQQVSEGL,32.062
CLFKDWEEL,12.863
NLARTISEA,10.91
ELDDYMFFV,24.383
LQNFCQHLV,31.369
MAMTGLPQA,11.992
SMLLDNMEV,23.965
YQAGISAAL,19.19
FLTQNFGPV,82.35
KINRSKTPY,0.2745
KLLPEGYWV,24.887
REFEAQNVP,0.1287
YMLKDSAPT,20.994
ILSAVVGIV,34.793
ILSAVVGIV,34.793
VANNTRLWV,0.2892
HAMSSTHEA,0.9644
EMFGGTPAV,18.895
FVQGVIWNI,26.546
GMRDVSFEL,0.9752
LIMEFNSLL,50.397
VMTEGRHAV,46.013
YTLNDAPYI,12.037
HLSLRGLPV,14.352
QLFNHTMFI,101.127
QTYKWETFL,0.4183
FLAVGGVLL,21.039
ITDWLNFTL,15.7
IVLSHILPL,36.119
IYDFYNAEY,0.1808
SMLPPGYPV,26.316
VPAWLPLGI,0.2744
YMDAVFEYT,21.182
TLNDLETDV,0.9934
WMNRLIAFA,18.185
AMQDPNPEV,27.692
FIAEIDHWI,35.944
HCIDKTPGL,0.4054
RTDAWSYPV,35.766
VLYCVHQEI,33.674
YIITCCLFA,48.981
YITNRLELL,25.058
SLSEKTVLL,29.954
LLHDIGKPV,34.667
SLDQSVVEL,19.263
YPPPRYITV,0.2643
YLPLSVFII,31.554
TVYDINNEV,11.514
VLVGGVLAA,24.596
FVDTMSIYI,19.455
HLTRVGPYL,24.806
LIGFALFGV,22.602
LLLTLLATV,179.131
SVASGIFNV,24.963
YVVWLMFSL,18.235
YLDKVRATV,65.17
KVEDPFYWV,0.613
NLSWLSLDV,18.055
KLITQPLPA,31.531
MMMGMFNML,27.082
SLAIDAYPL,12.853
WLDSVIQYL,47.004
YIYTRSFQM,12.003
LTLGEFLKL,0.4273
VLPDVFIRC,14.457
YQSGLSIVM,0.6232
ILNDEQLNL,17.948
MMQVWIQPL,24.427
YQIEGAWRA,46.144
KLGIGNSPV,27.345
ILVGDNSFV,32.801
RIYSHIAPY,0.6263
RLPRIFCSC,15.285
SVIDHIHYM,20.927
YQTYVSPGA,10.814
YVIRAQLHV,31.994
GLHCYEQLV,34.003
KLYDSVYLT,30.077
RLPAYAPLL,39.906
SLQECVKMA,17.123
SVYDFFVWL,12.186
MIKPCCERV,21.097
LMVPGAAPV,47.987
YLSGTDDEV,42.244
FVDVIIIKV,20.646
DLMGYIPLV,34.652
AMDGGGFYA,11.719
MMLSPLVAL,31.082
MMWATAQAL,17.141
NMFTPYIGV,14.699
YMYRVWSPL,29.537
LLAVSSILL,18.544
KLIVTPAAL,14.328
ITDQVPFSV,13.289
FTWYGIAAL,17.14
KLAQAVMEM,45.222
KLIDVSKCI,49.764
LLGQNTPAI,43.549
LLPDSDVFV,38.511
LMTAISQGI,32.337
MQQAYQCIV,20.751
SLTDRELLL,14.927
SYRNFSFSL,0.294
VLDEPSIGL,12.819
KVVKLTPQV,35.783
AMCRTPFSL,14.636
AQSDFMSWV,24.031
ATGDYVAFV,16.415
HLSTAFARV,42.104
KIEIERKKL,0.1242
MAMGILHTI,54.637
QIFNIISYI,29.899
YKDANISMY,0.2035
TLFVIVPVL,19.877
IMYNYPTML,34.109
ILAKFLHWL,87.955
CLGGLLTMV,48.709
YLEPGPVTA,10.373
ITDQVPFSV,13.289
YLEPGPVTA,10.373
AAGIGILTV,0.3712
IISAVVGIL,0.4505
FLGLCAFLA,21.872
ILTDGPERV,28.065
KLTFLDVEV,51.826
NLADQLIHL,23.616
QVNDVLHSV,49.085
TIHDSIQYV,27.705
ILHDKIIDL,13.755
FLWGPRAHA,20.778
ALREEGEGV,0.4693
LLQAYRFHA,19.706
QAYRFHACV,0.6344
LQAYRFHAC,0.7352
PLATFVRRL,0.4839
YLFFYRKSV,24.236
SIISAVVGI,25.957
ALYWALMES,14.987
RARKRGITL,0.1421
VMNILLQYV,91.966
WMIKETACL,17.46
YSRPWNWTF,0.2717
YINNNIEEI,64.498
SMIEAESSV,27.774
WIFEIATPL,23.872
WLMKYPYQL,79.268
HVDGKILFV,12.722
QAMEDLVRA,0.8113
MAMMARDTA,0.281
HFKKRFSTL,0.1753
LLKLWIDKV,14.624
SMMPEAMTI,50.909
TMNSRYYLV,30.43
YLHIHPFKI,34.353
FVIGGMTGV,26.708
YIYGIPLSL,20.341
SLGLVILLV,26.83
IYAGSLSAL,0.4124
EMADYIFFV,47.098
FLPKAAYAL,35.199
ILAGYGAGV,53.721
LLNNSLGSV,39.235
RLYEWQHVS,12.264
YLQYSISTA,49.929
LLDEGKQSL,15.106
SQIMYNYPA,18.13
FVFAPTHGL,16.989
GLPPGTPAV,53.256
KIFGSLAFL,29.186
KLPRWIFFA,93.732
WMIHTLEAL,27.963
VLGPLVALI,28.747
FAMRLLQAV,53.77
GLPESTPSL,24.346
FLALSILVL,27.266
GLFGGLNWI,38.215
VMDSIDVKI,18.715
AMEDLVRAY,0.2088
GLQGIYVLV,54.778
VLFSSDFRI,48.412
YIIPCILIL,30.822
DMAGYAGTL,0.2101
FLADKKMTL,56.847
FMPESSYLL,58.001
ILDSFDPLV,63.149
FLWGPRAYA,36.565
TQFAGVVTV,32.672
GMPPCLLAL,23.513
QQFAVGSYV,14.727
FIIDNFGSV,27.463
GLVGVLAGL,21.005
IMYNYPAML,31.671
YLHRDIFDI,44.415
IVIEAIHTV,154.505
NLATSIYTI,37.429
SLYNTVATL,38.982
HLIDYLVTS,18.424
AMAAGLSSL,20.339
TLVPQEHYV,29.157
WLKGNISPV,26.777
YLYQPCDLL,54.857
NLAEDIMRL,17.344
YMLWNSWLS,24.495
YTWNGTQWV,28.82
KLTFLDVEV,51.826
DMWEHAFYL,16.861
QLSDVIDRL,17.231
FLWGPRALV,46.275
FIDSYICQV,85.254
AMLVGQVTL,20.168
FLPGQYMNI,23.874
FLWGPRALV,46.275
KVAELVHFL,68.115
QLLGWYSRV,39.749
QMISPVMSV,52.583
YLGTALMGA,26.445
FLQALNLGI,36.959
FVGEFFTDV,15.239
QLYRFHACV,44.002
ETVWPFFYA,0.4524
FMPKVNFEV,73.963
GMSWITQGL,35.513
ILGTVSWNL,22.816
QMSWLPLCV,27.255
SLAALFYSL,29.859
SLFGGMSWI,28.122
VLYCVHQRV,54.625
FLFMDRDAL,0.9744
NLFDWMHFL,44.591
WQLTSIWPI,44.692
FLTSELPQW,0.9665
AMYMALIAA,50.733
FLPPQIPVI,40.256
FMQEIPTFL,50.815
GMFGGCFAA,32.694
KMDIGVPLL,20.251
ILNDEQLNL,17.948
FVVDTTPPL,31.62
ILAKFLHWL,87.955
RVMAIFMAL,47.092
YLYFCSSDV,53.108
GLYPQLSAI,75.489
IISDLSIFI,23.021
SGLSIVMPV,0.9262
GMGPSLIGL,0.904
IILKALYML,34.239
ILHNGAYSL,28.552
KQLEWKWGI,47.319
LLQGVPFHV,71.368
SLDISLETV,29.783
IVIEAIHTV,154.505
FIYAGSLSA,26.505
LLDSLPMDV,16.723
GMAEDLQSL,16.822
YSLEYFQFV,37.744
RTLDKVLEV,28.856
SIIGILHLI,76.183
ILAALFLGL,29.618
SLLDKIIGA,18.639
RLIGHISTL,80.161
FLLLADARV,57.078
KQLEYSWVL,35.335
AIYDTMQYV,86.521
TLARGFPFV,48.527
YLGLTQPFL,23.358
CLPGVIMSV,86.987
YLIIGILTL,48.303
YLNKIQNSL,29.679
WTLETLPRV,21.097
YMIKLAKEV,43.54
LLFGYPVYV,161.753
FMFNDLLKL,76.275
LITNTIAGV,33.576
MLGTHTMEV,63.957
NLVPMVATV,69.029
RLLPLLALL,80.071
VLSPTIGHV,36.547
FLKPEETFV,16.88
ILDTGTIQL,15.384
TLYEAVRKV,47.917
ILGLPTQTV,23.053
GLLHHAPSL,45.023
LLAFTNPTV,60.283
LLNYILKSV,103.656
VLMKYDQSL,42.881
ILTLANWCL,37.181
RLARAIIEL,47.725
SMYQLMITI,50.795
FLFGEPKRL,11.233
ILAKFLHWL,87.955
CINGVCWTV,117.555
LLDKRQFEL,29.468
SLLSEFCRV,66.905
TLFDWGFAL,30.968
WMYNIQPYL,41.147
KMNNDVFFM,31.672
YLFLICHNL,128.398
YLLDGLRAQ,0.3851
FVANFSMEL,40.5
GQWDGWVWL,0.9627
MLAKYDHLV,97.597
YLYLRPYAL,43.498
ALLKHRFEI,40.314
SLFGAAVSL,18.002
TLAQSLIDV,33.435
VLIRRCHYL,103.395
KIFGSLAFL,29.186
FLGQADFSL,43.652
MLMAASRAL,27.786
SLVKHHMYV,83.171
KLTEEIIKL,29.246
FVMPIFEQI,73.594
GLYDGMEHL,48.806
ALLDPSQGM,0.8101
MMARDTAEA,12.322
RIFPATHYV,215.353
IIMDEAHFL,39.478
ALALAQKGV,0.9232
AMLHWSLIL,28.158
FIDSYICQV,85.254
FQWWRSHPL,56.399
TLYAVATTV,50.959
YLVDCGAEL,37.993
YLIHDWDAV,62.785
SMAGSSAMI,16.474
GMVAPLYGV,50.394
FVFGIPLLV,37.58
LLKDLMPFV,56.209
YIMKLHHLV,131.431
YLKKKNHPL,19.082
LLDKQQFEL,29.929
SLKDVLVSV,45.388
KIDDMIEEV,65.084
KLVANNTRL,20.621
AMPGVLSYV,181.757
HIMPNSFRV,82.491
LALDSYWPV,37.886
ILKEPVHGV,44.642
LLCPAGHAV,56.389
ALSEFIKFA,41.623
LLMEGLKLL,98.556
TVAPFNPTV,34.366
RMIAISAKV,113.996
WMLGTGVYL,22.219
FLDPASIAA,16.912
ELIKAMNHF,0.3663
FLDPASIAA,16.912
GLIPQWVTL,22.904
KVDDTFYYV,70.822
RVYEALYYV,236.51
LIIPFIHLI,104.087
FQPSFSHLV,69.494
FLAFFSNGV,65.63
YLSAKITTL,62.84
ALLTGSYTI,56.243
LLCPAGHAV,56.389
VLSDFKTWL,22.007
SLYSGFPSL,38.793
PLMALLTPV,111.404
YITALNHLV,67.933
RIFAELEGV,65.439
MMLVPLITV,57.883
KTWGQYWQV,39.046
SLARGFPFV,74.857
LLMTGGVTL,40.349
RLGPQGWRV,48.937
YMNGTMSQV,104.097
VLYDEFVTI,58.369
AMDTISVFL,24.748
AMDTISVFL,24.748
FMFNELLAL,55.455
RLYELIGSV,52.873
LVEKVLKIL,0.2838
CLMTYSHHA,85.107
RLLQETELV,91.857
ILMDTICGT,54.084
WLIGFDFDV,49.116
FLPQILAEC,69.758
RVYAHVRSV,54.861
YLINGRIPV,149.122
YILGFAIPI,83.18
LLIENVASL,69.237
FLIVSLCPT,55.09
KQMSQPYAV,90.76
ILDSFDPLV,63.149
YLVTRHADV,16.671
KQLESVMYL,56.732
LLGATCMFV,94.003
MLAESCDSV,71.395
SLLPAIVEL,53.07
WLYPGAQNL,29.937
YAGSLSALL,0.3918
ILNDSGETV,41.42
GLYLYRFHV,40.02
ILIDTSAWV,66.527
ILNDSGETV,41.42
SLASLLVSL,35.608
SLYAVTTAV,95.204
KVDDTFYYV,70.822
FLQFKTWWI,31.495
WLIDMKSLV,42.018
YLSAKITTL,62.84
AVGSYVYSV,34.074
HLLCQAFSV,51.543
YLLGDSDSV,44.246
YLSGANLNL,39.624
KLTPLCVTL,97.603
FVFSTSFYL,56.429
YLPEVISTI,96.967
FLIYFRSPL,54.282
KLMPICMDV,498.88
KLFSDISAI,86.933
KLGGYVSFV,171.028
VLSDLCNFL,57.984
QIDVEKKIV,0.1894
DIDEILEKV,0.5757
HMWNFISGI,64.018
YLAEGHACL,72.238
KIEIERKKL,0.1242
KLTSYSAGL,33.658
SLLLELEEV,59.147
ALAPWQQAV,97.085
YLNDFAQLL,176.512
SLDLTTSPV,33.306
KLLPVHYYM,39.091
SLKDVLVSV,45.388
ALSGFCAAV,212.618
YLDYDTIYV,94.535
FLRDNLYHV,92.025
FMIVNNFPV,167.552
IMSSFEFQV,102.612
RLYDYFTRV,276.511
IMDQVPFSV,60.352
GMYGHPFAL,44.698
ILWDYFSLV,178.164
TIEELKQKL,0.247
FMIDWILDA,75.613
ILDQKINEV,64.367
LMWDNVGLV,74.966
VLYDEFVTI,58.369
MMLVPLITV,57.883
HLDDVGFLV,38.936
IMLKANFSV,70.679
LNIMNKLNI,0.1929
LLFGMPPCL,28.275
YLDGQLARL,47.637
AMMARDTAE,0.1565
RVYEALYYV,236.51
WMYEGKHVL,37.641
QVKDEKLNL,0.2022
RMMETWHPL,123.403
ALAGNHWHV,102.031
KIDYYIPYV,150.811
RMFPNAPYL,74.812
YLSDSAINI,50.141
AMILAAYHP,0.2421
GLFGFVNFV,176.634
KLFTHDIML,45.015
KMVEIPFNV,111.691
YLDMVLAFL,94.448
YMYTNLACI,166.449
SLDDYNHLV,68.877
FLQGAKWYL,62.035
FMSSFYNYV,181.781
VLWKSYPLV,50.616
LLYAHINAL,56.3
AQMVWIHGV,204.917
GIALAVPCV,36.283
TVYPKTHYV,37.168
FLHESDPMV,79.204
GLFPFHFTL,80.613
KLWTSISCA,82.743
AQIGVIGVF,0.2938
GLSEGAYHV,67.319
ILMRHLKNL,40.537
FLSFASLFL,46.765
HLSGPLAGV,48.52
SIIGRLLEV,49.631
AQIGIFAPV,109.078
AMWDWSKSV,47.566
GLADQLIHI,92.667
SMSMILVGV,85.019
GLAELLAAL,53.089
YLIGGSATL,58.337
SEHFSLLFL,0.3088
NLVPMVATV,69.029
VLTDWAAPV,160.715
YQLEMYHPI,164.811
YITALNHLV,67.933
FMYSDFHFI,101.939
ILLSCIHTT,77.516
FLWHNDFMM,85.25
ILYNEYNFV,53.819
LIQEIVHEV,133.558
LMMSSPPPI,110.728
SLIGLAMGD,0.1444
KLLGQINLV,128.097
SLADQLIHL,46.068
NMLSTVLGV,48.428
YIGEVLVSV,78.05
YLYDETQDV,110.596
SLLMWITQV,135.549
IPDGWWWAI,0.3515
KLLEPVLLL,42.516
KLFSDISAI,86.933
AMLAGTAVV,64.131
VLWAHGFEL,65.134
YLVDSVAKM,21.183
FLDGNEMTL,40.03
AIIDYIAYM,36.546
VLNDQYAKV,61.566
AMMWRIAQL,77.131
GLLASAPGI,24.244
KMSGKTPAV,82.411
RMMGKTNPL,59.292
VLIEVNPPF,25.543
ALFPIIWAL,109.282
KISNTTFEV,85.856
KISNTTFEV,85.856
VLNPYMPTV,333.525
GLMWLSYFV,275.52
LLHEVGITV,47.38
TLWVDPYEV,31.501
SMHYKLDEV,29.639
YLIPAVTSL,102.106
YLNAVSLCI,120.725
GLYEAIEEC,34.993
VMATLLPPV,312.363
FLMGFNRDV,104.887
KLIIHNPEL,44.754
LIQEIVHEV,133.558
ALYEKKLAL,20.035
LMASISSFL,36.651
ALYEKKLAL,20.035
FTMRLLSPV,120.246
ILLWEIPDV,82.938
FLTSVINRV,163.537
KECVDGTLL,0.2405
RLNMFTPYI,246.265
VLAGIFAGV,133.807
ALKEAIEMV,56.019
YLLLALSLA,76.02
YTMDGEYRL,29.289
MLLSVPLLL,38.62
MLLSVPLLL,38.62
WLSLLVPFV,52.214
FLADYGWRL,117.443
ALSNLEVKL,15.921
YMYQYIQEL,162.311
SMSADVPLV,65.596
YLSTAFARV,105.736
ALWGFFPVL,39.841
FMSMVSHEL,77.736
ILHCANFNV,68.968
RLYDYFTRV,276.511
GLYGNGILV,40.693
GLYGNGILV,40.693
FLDGNELTL,32.895
KLGDITLFL,78.782
TLLDYAAGV,67.59
KLWGLVDFV,144.621
KISYYIPYV,241.161
GILGFVFTL,46.784
RLIPYDWEI,159.522
KLVGKTVKV,51.154
GLADQLIHL,45.552
GMMRWCMPV,268.065
YLSFIKILL,43.06
SLFLGILSV,61.342
ALNELLQHV,317.022
FLTSVINRV,163.537
GLADAFILL,28.568
GLFDFVNFV,238.656
FLSHKIHVI,124.932
FTWQHNYYL,67.428
REVLNVRYM,0.2434
YLYASFCTV,201.946
HLVEALYLV,177.618
FLYDRIAST,46.501
LLFLKDVEP,0.2437
YLPRFLFGV,213.151
YMHGSIHEV,197.77
RLMKQDFSV,216.598
KIDYYIPYV,150.811
SLFGQRIEV,28.645
KLADMSIYC,44.988
PLFKRGWRL,0.6653
QLAGYILTV,92.395
RLANLLPLI,275.778
YLAGWGFVV,90.775
YLPDPTVGV,61.11
FMFDYIPPV,511.418
VLSLELPEV,89.868
VLAEAMSQV,134.208
VLDRRLHLV,99.259
KLFTHDIML,45.015
ALLNIKVKL,35.547
KLSDSKITV,46.221
LLADGLAKA,59.33
KLWAQCVQL,111.79
YQVKYVSPV,174.506
FLYALALLL,83.252
LMAEDLANV,122.19
NLNCCSVPV,48.0
FLSQRVAFL,98.493
HMIDKLFYV,330.746
WLIGFDFDV,49.116
SLSNLDFRL,36.069
AMLNGLIYV,233.062
SLFSLLPGV,146.848
SLMAFTAAV,416.664
YLVAYQATV,166.503
CFMYSDFHF,0.5123
YLIPSVTSL,85.519
KLSHQLVLL,67.209
ALYGWTVLV,167.051
ILSDENYLL,45.804
YQLGDYFFV,79.386
IMDQVPFSV,60.352
ALLDLGWTI,63.649
ILFGHENRV,53.487
SLIDLLHKI,223.532
FLAAECPFL,116.341
FLLDYEGTL,20.918
FLSSFYNYV,216.626
FLWDEAWYA,149.116
FLSDYGPQL,72.81
ILFDRLPIA,61.244
SLSAYIIRV,106.583
YLARNAVPV,141.216
YLMAWKQVL,117.765
SLSAYIIRV,106.583
KLMDVVYSI,614.691
LLLPIAPEL,59.503
YLAWVPAHV,152.034
RLDPRLAPV,172.383
ILDDNLYKV,176.657
ILDDNLYKV,176.657
ALWEIQQVV,113.46
FLHGGDFGV,84.536
VLYHRYNLV,41.448
FLYDRLAST,64.077
KLLPDTAAV,130.342
RLTRFLSRV,251.286
YLACKQHAL,33.52
IMYNYPAML,31.671
AMIDRLHQT,44.938
LYKTIVNIW,0.1499
ALIGGFKPV,88.373
KLSDSKITV,46.221
ALMPYMPPA,375.106
FLDKGTYTL,116.934
SMQKTIPLV,69.587
SMQKTIPLV,69.587
YLFQWNDNV,109.626
YLEPGPVTV,29.026
ILMEHIHKL,393.084
KLMPGSIYV,322.218
KLYEGDLRV,139.739
VLAGWLFHV,358.367
FLWWNAAPA,168.022
IYCGFKFAW,0.4108
KLINTLFHA,219.903
ILDKKVEKV,37.262
GLYEFTILV,258.975
WMFRIRIIL,0.9461
VLSGYIASV,177.363
FLLPILSQI,192.945
VLMGGVPGV,286.298
GILGFVFTL,46.784
ILSDENYLL,45.804
YLVENTSHL,93.446
LLFLKDVEP,0.2437
FLLDKKIGV,66.584
YLYPWSLGL,125.134
TLMKHQEPV,186.042
FLTQDLPLL,82.632
GLAATSFPL,53.26
YMLDMTFPV,512.645
LLTEVETYV,125.761
VLCPYMPKV,154.66
YLDAIQQPV,223.547
YLTSFVVPI,483.492
LLYDGSFAV,158.74
ALMDYGFRV,240.678
ILYAHLHKL,151.498
RLIDFLKDV,245.091
FLLENAAYL,164.188
FLLQDTVEL,111.631
RLWDVEQGV,115.833
FLQDESAYV,101.723
YLISIFLHL,101.357
FLWGFFPYL,83.851
YAAPQLFPV,96.612
YLYETYHLI,171.96
FLAGGPHAV,105.695
YLSSWTPVV,235.55
FMYEGDTPL,105.345
FLIDLAFLI,151.974
FLYDISISL,121.627
FIYGYLEPV,279.207
ILAAIAVGV,96.605
AMIPKDWPL,35.653
FLDPHPYYV,156.674
GLNDYLHSV,500.963
YLMPYSVYI,569.897
ALFDGDPHL,53.847
ALLGGLRPV,150.959
LLWNGPMAV,127.394
LLWNGPMAV,127.394
KLTELNAEL,44.427
YLIPFIWFV,734.471
ALAAATPMV,152.457
ALAALITPV,189.14
FLSNVGHYV,223.45
SVVCFFFLV,25.486
KLIDCYTFL,92.743
ALIDFLAAV,720.667
ALMEVTHVL,273.071
ALSNGIPPV,203.746
VLHDDLCEA,45.455
YLLADTFTV,194.72
ALLENIHRV,376.81
YLAENTFVV,259.264
YAMSNLFSI,65.758
ALSPVIPHI,164.57
ALVSEVTEV,77.341
GLNDYLHSV,500.963
FVGEFFTDV,15.239
FLQALNLGI,36.959
FLAELAYDL,62.38
ELFDSLFPV,51.758
YMDGTMSQV,88.166
VLFDDLCEA,83.921
AATEAEKQL,0.1546
AVLYYHMMK,0.2061
AVSHLTTLA,0.6808
FDAVLYYHM,0.161
GLITNTIAG,0.2836
GLSVQQGIV,0.4215
IAGVAGLIT,0.1076
IIHDFVDKT,0.4049
ISTIGIRPS,0.1099
ITDKIDQII,0.3468
LFQRTFSIP,0.1008
LQSPPIREA,0.3658
LRRWGGTCR,0.0969
LSFTVVSNG,0.1275
LVVGEKACL,0.3016
MQISTIGIR,0.162
NITDKIDQI,0.5034
NKFMAILQH,0.1181
NLEHGLFPQ,0.1646
QDQDHTQEA,0.1346
QLVCKDHLA,0.6254
QQTNAMVTL,0.6113
RILGPDCCI,0.9913
RVIPVYQVN,0.1491
SEELSFTVV,0.1444
TIGEWAFWE,0.1014
TLAGVNVGE,0.1292
TPQFLLQLN,0.0679
TTQALQLFL,0.3621
TTQALQLFL,0.3621
VLDHILQKT,11.623
VVAFLILPQ,0.1508
YLEGHGFRF,0.6282
YTYPDSLEE,0.1323
AKAIITPIV,0.3534
ALKKLIIDR,0.1547
FANPLSNPF,0.2881
IGIEILNTI,0.3991
ILPWTKISE,0.1373
KFPYEGGKV,0.143
KLSLTKLFS,0.2233
KTFKDESIF,0.187
LHSLSVETI,0.2413
LLFGIKCIK,0.2356
SLMEMDYER,0.3939
SLYPNVCIF,10.008
SSQMTSTFI,0.2437
VVLTGGTGV,0.7509
AAVSHLTTL,0.5582
ATEDPSSGY,0.1241
ATTAAGPPK,0.1216
GAFFLYDRL,0.2062
GAFFLYDRL,0.2062
GLITGGRRT,0.2753
GTGPCAGDF,0.1302
LICGLRQLA,0.4161
QLNETIYTS,0.562
TELRTFSIL,0.1815
TPVYKLDIS,0.0869
WVIILFQKA,0.4977
LYQLLEAVY,0.1279
NCSSISIKL,0.2136
TEQAFYTRV,0.3652
TLCDMIKGT,0.2722
GVTGILQLP,0.1796
SDMDYHKIL,0.1421
SVQQGIVRQ,0.1157
VKRLEELLP,0.0646
AFGLYKSIN,0.0727
LSPETLVGV,0.8555
YLLFGIKCI,44.579
GLMHNQDGL,17.77
VGHMMVIFR,0.1104
RLGADLDAV,44.33
ASLFLPKLV,0.2282
HAEQGLIQY,0.1436
VPGPHRTIH,0.088
AITAASLPK,0.1603
HPLARTAKV,0.2508
IALGVATAH,0.1527
IIHDFIDNP,0.1609
ILTAGLSVQ,0.2034
IMASENSSA,0.8002
KLIWKVNPE,0.2608
LFLPKLVVG,0.1436
LGVATAHGS,0.0943
LITSTVTGI,16.541
LQRWGGTCH,0.1441
LVCGLRQLA,0.3363
MPLGVVTNS,0.1328
NIKRTLAAM,0.2162
PFARLLNLS,0.0946
QAFEAGVDF,0.1688
RLASTVIYR,0.6533
RLASTVIYR,0.6533
RSQGPFDAV,0.3734
VMNHKNKFM,0.3991
YKLFLESGA,0.1847
DSLSSQMTS,0.0902
HSLSVETIT,0.1507
ILSLPRIAL,0.5767
KLIIDREVV,14.121
KMDNGTLEF,0.9749
LNASQYANC,0.1297
LSLTKLFSY,0.1763
LTKLFSYGT,0.1995
PMLYQLLEA,0.9566
VLNGAELSN,0.121
WAMEKSSKY,0.1869
YNIDKIKDV,0.2799
AIDFLLRRW,0.2185
ATGFGTNET,0.1403
DNSTHNTPV,0.1421
FLLQLNETI,102.899
LGSLGLRKR,0.0904
LSFASLFLP,0.1826
MHNQDGLIC,0.1357
REPVNATED,0.0921
RRTRREAIV,0.1595
SLTESDMDY,0.2351
TIHHASAPL,0.5664
VIYRGVNFA,15.291
VRLHPLART,0.1449
VVFSTSDGK,0.1212
VVTNSTLEV,16.354
YKLDISEAT,0.2753
TETKITFAL,0.3939
GLMHNQNAL,28.568
KLTEAITAA,58.977
QLSNTTGRL,0.5048
SETAGNNNT,0.1252
ILFQKAFSM,18.441
ILFQRTFSI,92.994
RLAKLTEAI,61.755
LSVETITEK,0.1295
KMTLFKSIL,0.8258
AIDFLLQRW,0.2828
ARFSGLLIV,0.4301
ELLPAVSSG,0.1986
FPQLSAIAL,0.1475
FQKAFSMPL,15.8
GLDDQEKKI,0.3197
GSYGEYQSY,0.1336
HHQDTGEES,0.0905
HMQISTIGI,0.8082
IHHASAPLT,0.1324
IPLGVIHNS,0.1543
IQAFEAGVD,0.0735
KAIDFLLQR,0.3076
KEGAFFLYD,0.1041
LEELLPAVS,0.0794
LMLCLHHAY,0.3334
LQLNETIYT,0.5504
MNHKNKFMA,0.2097
NAGQFLSFA,0.3967
PTAWQSVGH,0.1085
SAMVQVHSQ,0.1215
THNTPVYKL,0.2024
TSFFLWVII,0.2618
VNNLEEICQ,0.0597
YTENTSSYY,0.183
YVQLESRFT,0.2141
EILNTIQFM,0.3547
FRAFRNLNV,0.2721
INVEYRFLV,0.4424
KAFGLYKSI,0.2843
KITFALKKL,0.4391
KQKMFSNNV,0.5112
LASLTPKAQ,0.0677
LLLWFNYLF,22.615
LVRHACRDC,0.1586
PLASLTPKA,0.4724
RMNSNQVCI,29.624
RPVVLTGGT,0.1049
VNPGTYVYF,0.1525
VSYNDYFNV,0.7275
AHGSTLAGV,0.3192
ATGKCNPNL,0.3741
EGIYTEGLM,0.0881
ERLAKLTEA,0.1445
FFLWVIILF,0.5309
GLFPQLSAI,82.415
LVLFDLDED,0.0948
SRPQKIWMA,0.1775
STHNTPVYK,0.1288
TEAEKQLQQ,0.0812
YQVNNLEEI,49.558
YTSGKRSNT,0.1409
AVDRGCLRI,0.7876
HAYQGDYKL,0.6694
ILQKTERGV,0.7747
KRLEELLPA,0.2966
MEGLSLLQL,0.1935
RTFSIPLGV,15.88
YVHKAQGTG,0.1513
KLYLVDYGL,33.285
FLYDRLAST,64.077
FLYDRLAST,64.077
KLFLESGAV,13.377
VAGLITGGR,0.0935
AMVEYVSAG,0.4672
EDLIEWAME,0.0545
AFFLYDRLA,0.2385
AFFLYDRLA,0.2385
AIGLAWIPY,0.1959
ARLLNLSGV,0.2801
ASDTPSATT,0.1175
DMDYHKILT,0.1751
GLIQYPTAW,0.5643
GVIHNSTLQ,0.1303
IIQAFEAGV,14.56
KSSFFVWVI,0.8775
LEKVQRQIQ,0.0634
LMHNQDGLI,0.5827
MHNQNALVC,0.1775
NQNALVCGL,0.7708
QVEQHHRRT,0.1263
RTRREAIVN,0.0792
SSGYYSTTI,0.2531
TVAPPAPVY,0.1787
GNLSPETLV,0.1527
IDILRSLET,0.1
KVTAASPML,13.187
NGTLEFTPI,0.1447
RPVILSLPR,0.121
STFIMLEGE,0.0904
SVMLIGIEI,11.224
VIRANNNRL,0.2324
AIALGVATA,11.112
DKIDQIIHD,0.073
MDSRPQKIW,0.076
NGLITSTVT,0.086
PGPDNSTHN,0.062
QGIVRQRVI,0.1104
QLIIQAFEA,12.933
YLFEVDNLT,19.657
FGLYKSINV,0.3142
LPRIALVRL,0.1169
VCIDILRSL,0.3533
FLDPATTTS,0.5623
GLLIVKTVL,0.8057
LLMLCLHHA,234.483
LMHNQNALV,37.471
SLFLPKLVV,12.466
EYKTLCDMI,0.1533
NLHYWTTQD,0.1313
TLRVLQDQL,0.1969
AAIGLAWIP,0.1438
FFLYDRLAS,0.158
FFLYDRLAS,0.158
FLPKLVVGE,0.1844
FRSGVPPKV,0.3029
FRSGVPPKV,0.3029
FTPQFLLQL,13.763
GKLGLITNT,0.1305
GLAWIPYFG,0.4282
GLNLEGSGV,0.7872
GMVPLHIPE,0.1294
HMMVIFRLM,0.8259
IRSEELSFT,0.1462
LILAKPKET,0.168
MHMVAGHDA,0.1857
QLSAIALGV,28.92
RTIHHASAP,0.2154
RYVHKVSGT,0.2286
SADSFLLML,0.5511
TNAMVTLRK,0.0962
VQRQIQVHA,0.3025
VTLDGQQFY,0.2189
GTGVGKTSQ,0.0748
IMLEGETKL,21.152
LVINRLGAD,0.1089
NYLFGGFST,0.166
STHKLSLTK,0.1184
VGLITCKAF,0.1149
AKLTEAITA,0.1574
AMNEENRFV,22.568
QGDNDNWWT,0.0989
QGLIQYPTA,0.1444
SFFLWVIIL,0.3929
SLEEEYPPW,0.3667
VIYRGTTFA,15.859
FNYLFGGFS,0.103
IRWLGGILP,0.1096
LPWTKISET,0.1714
SISKSNAKC,0.2256
FSILNRKAI,0.2269
KRTSFFLWV,0.3329
RWGFRSGVP,0.0741
RWGFRSGVP,0.0741
CMIRWLGGI,18.04
AVSSGKNIK,0.1197
FLSFASLFL,46.765
GLICGLRQL,13.352
AENTNTSKS,0.1297
AWQSVGHMM,0.2169
ELDHLGLDD,0.0768
FLWVIILFQ,0.3507
HHRRTDNDS,0.0641
KAIDFLLRR,0.2951
LDISEATQV,0.1653
LESGAVKYL,0.2622
LTAGLSVQQ,0.1046
MNAPDDLVL,0.1577
PTLTTPENI,0.1608
QQGIVRQRV,0.2415
QRVIPVYQV,0.2284
QVSDVDKLV,0.4409
RTSFFLWVI,16.92
SLPKTSGHY,0.2016
VATDVPSAT,0.1748
VKYLEGHGF,0.155
VRQRVIPVY,0.1278
VTLRKERLA,0.168
AASPMLYQL,0.9474
FYTRVLKPS,0.1788
LITCKAFGL,0.8522
LRFANPLSN,0.0835
LYLVDYGLV,0.1812
MFLMTATLE,0.0903
RIPNSLHSL,13.403
RNLNVTTQS,0.1234
FSMPLGVVT,0.3391
GTSNRTPTV,0.7223
IQNVPGPHR,0.1358
LFDLDEDDE,0.0558
LRTFSILNR,0.1214
MKDEPVVFS,0.1142
SQDTTIPDV,0.5678
AFIHIPGDT,0.1175
DSMFLMTAT,0.1315
YLVDYGLVS,0.5373
KVQRQIQVH,0.1664
MNEENRFVT,0.0995
VSSGKNIKR,0.1068
QIGDIIIAV,17.568
QDGLICGLR,0.0684
YLFGGFSTL,75.339
QVSIIQEKL,0.2793
VLISPVSIL,14.32
ASTVIYRGT,0.1207
DDQEKKILM,0.07
EWAFWENKK,0.0818
EYLFEVDNL,0.1606
FLLRRWGGT,0.3196
GVSTDIPSA,0.482
HKNKFMAIL,0.3016
HLHQQLSNT,0.7845
KNISGQSPA,0.3123
LAKLTEAIT,0.099
LFPQLSAIA,0.1929
LIWTLDANI,0.8529
LSLLQLPRD,0.095
RFEVKKRDG,0.0612
RTLAAMPEE,0.1299
SGQSPARTS,0.0681
TAQEQHNAA,0.1617
TSSDPGTNT,0.098
FLKIKVTAA,0.6906
FLVINRLGA,10.158
LFSYGTLII,0.4169
LSLPRIALV,11.954
QLLEAVYGN,0.1979
SQYANCSSI,12.618
TFALKKLII,0.1562
DTGEESASS,0.0744
FLLQRWGGT,0.4257
GILGSLGLR,0.1562
MMVIFRLMR,0.1955
MVTLRKERL,0.2668
RAADEPPLV,0.8701
VMLIGIEIL,0.9202
WFNYLFGGF,0.1481
RLEELLPAV,125.443
RLMRTNFLI,125.891
LITGGRRTR,0.1296
FRFEVKKRD,0.0813
GLNLEGNGV,0.6254
GRLIWTLDA,0.1356
MLTPINEEA,15.774
SLAKHGEYA,14.242
ATNLEYKTL,0.1918
GMLRFANPL,18.024
GTLEFTPID,0.1068
KLTDSLSSQ,0.2125
RLEEEINNQ,0.1066
SQMTSTFIM,0.818
TLIIDEVHE,0.0968
FVRLDRPHT,0.1452
GVPPKVVNY,0.2054
LIHQGMHMV,58.993
CLPPPPDGV,0.5136
KIWMAPSLT,0.4881
PWLTEKEAM,0.093
FSTLDKITD,0.0843
AALSSLAKH,0.1684
AMPEEETTE,0.1074
CLHHAYQGD,0.126
DGIRGFPRC,0.1046
IDQIIHDFV,0.1362
KILMNFHQK,0.2336
LLIHQGMHM,13.255
LPAVSSGKN,0.062
TVLDHILQK,0.1751
FSYGTLIID,0.1225
MLIGIEILN,0.1813
SLHSLSVET,0.4754
FQLNDTIHL,37.096
VIHNSTLQV,15.772
YQGDYKLFL,20.22
LLWFNYLFG,0.47
MIRWLGGIL,0.1442
DVDKLVCRD,0.0725
KILTAGLSV,11.185
KLGLITNTI,17.593
LLSQYVDDA,14.284
SMFLMTATL,17.015
HMMKDEPVV,31.6
VLRDDLCEA,16.235
