"peptide_sequences","half_life"
"AGVAGLITG","0.4"
"ASTVIYRGV","0.4"
"ATISTSPQS","0.4"
"FLLIHQGMH","0.4"
"FQRTFSIPL","0.4"
"GTNETEYLF","0.4"
"GVATAHGST","0.4"
"ILGSLGLRK","0.4"
"IQVHAEQGL","0.4"
"IQYPTAWQS","0.4"
"ISFQQTNAM","0.4"
"ITTAVKTVL","0.4"
"KIDQIIHDF","0.4"
"KQLQQYAES","0.4"
"LTTPENITT","0.4"
"LVCKDHLAS","0.4"
"MGVTGILQL","0.4"
"NVPGPHRTI","0.4"
"PLGVIHNST","0.4"
"QLANETTQA","0.4"
"QLANETTQA","0.4"
"STLAGVNVG","0.4"
"STSPQSLTT","0.4"
"TLDGQQFYW","0.4"
"TTPENITTA","0.4"
"VAFLILPQA","0.4"
"YQQLREAAT","0.4"
"YQSYSENGM","0.4"
"ASNIVLDQI","0.4"
"CIDILRSLE","0.4"
"FIHIPGDTL","0.4"
"FLPNPAFIH","0.4"
"IIIAVARKH","0.4"
"IKHVGLITC","0.4"
"ILNTIQFMH","0.4"
"ILRSIEGEL","0.4"
"ITPIVFYRS","0.4"
"KVFAPKQKM","0.4"
"LLEAVYGNI","0.4"
"LNGAMVEYV","0.4"
"QLLLQKYPP","0.4"
"QVPKLLLWF","0.4"
"RQLAKAIIT","0.4"
"SISIKLTDS","0.4"
"TSQVPKLLL","0.4"
"VINRLGADL","0.4"
"AGPPKAENT","0"
"AMVQVHSQG","0"
"ASENSSAMV","0"
"EGHGFRFEV","0"
"EMYRHILRS","0"
"FGTNETEYL","0"
"FLILPQAKK","0"
"FQQTNAMVT","0"
"FSGLLIVKT","0"
"GIRPSSSQI","0"
"GLSLLQLPR","0"
"HLTTLATIS","0"
"IGEWAFWET","0"
"ISGQSPART","0"
"IVKTVLDHI","0"
"KHGEYAPFA","0"
"KINQIIHDF","0"
"KNSPGMVPL","0"
"LGLITNTIA","0"
"NQDGLICGL","0"
"NTIAGVAGL","0"
"QLRSVGLNL","0"
"RFKRTSFFL","0"
"RGTTFAEGV","0"
"RGVRLHPLA","0"
"RSEELSFTV","0"
"RSGVPPKVV","0"
"RSGVPPKVV","0"
"SFTVVSNGA","0"
"SMPLGVVTN","0"
"SSAMVQVHS","0"
"SSHPLREPV","0"
"SSYYATSYL","0"
"STSNGLITS","0"
"SVMATEEPT","0"
"TIAGVAGLI","0"
"TSPRMLTPI","0"
"VIFRLMRTN","0"
"VIILFQRTF","0"
"VVSNGAKNI","0"
"WAFWETKKN","0"
"GLVSKFMSN","0"
"HVGLITCKA","0"
"ILRSLETDL","0"
"ISIKLTDSL","0"
"ITCKAFGLY","0"
"KSRNTTPMM","0"
"KTLCDMIKG","0"
"KTSQVPKLL","0"
"LTDSLSSQM","0"
"LTPKAQREI","0"
"LVSKFMSNG","0"
"NLSPETLVG","0"
"NSLYPNVCI","0"
"SLFTEQAFY","0"
"SVIEEWKKS","0"
"YSHGDIKAS","0"
"ATTELRTFS","1"
"ENSSAMVQV","1"
"EQYQQLREA","1"
"ETFLQSPPI","1"
"EVNSFKAAL","1"
"FAFHKEGAF","1"
"FARLLNLSG","1"
"FIDNPLPNQ","1"
"FKIDNNTFV","1"
"FLQSPPIRE","1"
"FMAILQHHQ","1"
"FSIPLGVIH","1"
"FVTLDGQQF","1"
"GAAIGLAWI","1"
"GVKRLEELL","1"
"HKIMASENS","1"
"IDFLLRRWG","1"
"IIGTNGNHM","1"
"ITGGRRTRR","1"
"KIMASENSS","1"
"KVNPEIDTT","1"
"LEHGLFPQL","1"
"LYDRLASTV","1"
"LYDRLASTV","1"
"NAAGIAWIP","1"
"NAMVTLRKE","1"
"NLEEICQLI","1"
"QFLLQLNET","1"
"QLKSVGLNL","1"
"QVNNLEEIC","1"
"RKSSFFVWV","1"
"RLLNLSGVN","1"
"RTFSILNRK","1"
"RTNFLIKFL","1"
"SAIALGVAT","1"
"SGLLIVKTV","1"
"SHLTTLATI","1"
"SSTNQLRSV","1"
"TGPCAGDFA","1"
"TLFKIDNNT","1"
"TTFAEGVVA","1"
"TTGKLIWKV","1"
"TTLPSQNST","1"
"TVTGILGSL","1"
"VHSQGREAA","1"
"VSHLTTLAT","1"
"VSYEAGEWA","1"
"WMAPSLTES","1"
"WQSVGHMMV","1"
"AVYGNIKHK","1"
"CIEYVTLNA","1"
"FGNLSPETL","1"
"FMHEQGYSH","1"
"GIKCIKKGV","1"
"ITFALKKLI","1"
"KSINVEYRF","1"
"KVFLPNPAF","1"
"LAKAIITPI","1"
"LIGIEILNT","1"
"MLEGETKLY","1"
"RLKVFLPNP","1"
"SINVEYRFL","1"
"SNAKCIEYV","1"
"TKIDSMFLM","1"
"TPMMIQTRA","1"
"VVANVIGLS","1"
"WLGGILPWT","1"
"YVSAGESSI","1"
"AFWETKKNL","1"
"ALSSLAKHG","1"
"ALVCGLRQL","1"
"AQPKCNPNL","1"
"FEVDNLTYV","1"
"FLESGAVKY","1"
"FLRATTELR","1"
"FLRATTELR","1"
"FQESADSFL","1"
"GLRQLANET","1"
"GLRQLANET","1"
"GQFLSFASL","1"
"GSTLAGVNV","1"
"HGLFPQLSA","1"
"HSQGREAAV","1"
"IHDFIDNPL","1"
"IHQGMHMVA","1"
"ILGPDCCIE","1"
"ILGPDCCIE","1"
"ITSTVTGIL","1"
"KLDISEATQ","1"
"KLSSTNQLR","1"
"KVSGTGPCA","1"
"LLQLNETIY","1"
"LMNFHQKKN","1"
"NETEYLFEV","1"
"NNLEEICQL","1"
"NSTLEVTEI","1"
"NTSKSTDFL","1"
"RMLTPINEE","1"
"SASSGKLGL","1"
"SFKAALSSL","1"
"SNGLITSTV","1"
"SQGPFDAVL","1"
"SSFFVWVII","1"
"STEGRRVGV","1"
"TGPCPGDYA","1"
"TTLATISTS","1"
"VLYYHMMKD","1"
"VNPEIDTTI","1"
"VTEIDQLVC","1"
"ELSNGMLRF","1"
"FIMLEGETK","1"
"FMSNGEHVP","1"
"GTETKITFA","1"
"HTKIDSMFL","1"
"IFGNLSPET","1"
"ITDFHERPV","1"
"LLLQKYPPP","1"
"LRYLLFGIK","1"
"LSSQMTSTF","1"
"LVGVVVSTN","1"
"PIDSHKGYV","1"
"SIEGELESL","1"
"WISHRPVVL","1"
"APFARLLNL","1"
"ATSYLEYEI","1"
"DFLLRRWGG","1"
"ELSFEALSL","1"
"GHMMVIFRL","1"
"GIYIEGLMH","1"
"IGLAWIPYF","1"
"IILFQKAFS","1"
"IILFQRTFS","1"
"IKKPDGSEC","1"
"IKKPDGSEC","1"
"ITAASLPKT","1"
"LGVIHNSTL","1"
"LQVSDVDKL","1"
"MMKDEPVVF","1"
"NITTAVKTV","1"
"PQLSAIALG","1"
"PTVAPPAPV","1"
"QFLSFASLF","1"
"QKIWMAPSL","1"
"QLREAATEA","1"
"QQYAESREL","1"
"RLDRPHTPQ","1"
"RLHPLARTA","1"
"RYQATGFGT","1"
"STDFLDPAT","1"
"TTAAGPPKA","1"
"TTHTSGPSV","1"
"TVIYRGVNF","1"
"VISNSVAQA","1"
"YLEYEIENF","1"
"EVVANVIGL","1"
"FALKKLIID","1"
"GVVVSTNRL","1"
"IITPIVFYR","1"
"KAQREIFSA","1"
"KFMSNGEHV","1"
"KLNGAMVEY","1"
"KLYKNKSKQ","1"
"LIIDEVHEH","1"
"QLAKAIITP","1"
"QVCIDILRS","1"
"RVGRVNPGT","1"
"SAWISHRPV","1"
"SLSKRERQL","1"
"SLSSQMTST","1"
"TLNASQYAN","1"
"VFLPNPAFI","1"
"VILSLPRIA","1"
"EQGLIQYPT","1"
"FKAALSSLA","1"
"FLIKFLLIH","1"
"GRRTRREAI","1"
"HILGPDCCI","1"
"HILQKTERG","1"
"HILRSQGPF","1"
"IDFLLQRWG","1"
"ILMNFHQKK","1"
"ITDKINQII","1"
"KSTDFLDPA","1"
"LCLHHAYQG","1"
"LFLRATTEL","1"
"LFLRATTEL","1"
"LLNLSGVNN","1"
"LLPAVSSGK","1"
"LNLSGVNNL","1"
"NITDKINQI","1"
"NLEGSGVST","1"
"NNNTHHQDT","1"
"QFLFQLNDT","1"
"RGFPRCRYV","1"
"RGFPRCRYV","1"
"RPIQNVPGP","1"
"RTPTVAPPA","1"
"SRFTPQFLL","1"
"SSLAKHGEY","1"
"SSLPPLESD","1"
"TQETITETA","1"
"VAPPAPVYR","1"
"VLFDLDEDD","1"
"CSSISIKLT","1"
"FSAWISHRP","1"
"GCLRIQSLM","1"
"GLITCKAFG","1"
"IFINKLNGA","1"
"KCIEYVTLN","1"
"LFTEQAFYT","1"
"LIIDREVVA","1"
"LLQKYPPPR","1"
"MEKSSKYYI","1"
"MLSEGRMNS","1"
"NVEYRFLVI","1"
"PVILSLPRI","1"
"QMTSTFIML","1"
"TGVGKTSQV","1"
"VTLNASQYA","1"
"YGTLIIDEV","1"
"YMDDRDINP","1"
"AFSMPLGVV","1"
"AIVNAQPKC","1"
"CLEKVQRQI","1"
"DFLLQRWGG","1"
"DGQQFYWPV","1"
"ELSFTVVSN","1"
"FAEGVVAFL","1"
"FRLMRTNFL","1"
"GEYAPFARL","1"
"GLITSTVTG","1"
"GMHMVAGHD","1"
"GMNAPDDLV","1"
"GTTFAEGVV","1"
"GVNNLEHGL","1"
"HTSGPSVMA","1"
"IAWIPYFGP","1"
"KDFFSSHPL","1"
"LARTAKVKN","1"
"LFEVDNLTY","1"
"LLQRWGGTC","1"
"LMRTNFLIK","1"
"MRTNFLIKF","1"
"MVIFRLMRT","1"
"NLSGVNNLE","1"
"NVGEQYQQL","1"
"PRCRYVHKV","1"
"RSNTTGKLI","1"
"TGILGSLGL","1"
"TGILQLPRD","1"
"TLATISTSP","1"
"TQSRPIQNV","1"
"TTQDEGAAI","1"
"VIPVYQVNN","1"
"VMATEEPTT","1"
"VQLESRFTP","1"
"YHMMKDEPV","1"
"YQATGFGTN","1"
"FLMTATLED","1"
"GGILPWTKI","1"
"GLYKSINVE","1"
"IDSMFLMTA","1"
"KIDSMFLMT","1"
"NLNVTTQSI","1"
"TLEDDRERL","1"
"AWIPYFGPA","2"
"CLPAAPDGI","2"
"FLLMLCLHH","2"
"GKRSNTTGK","2"
"GVVAFLILP","2"
"IVRQRVIPV","2"
"LITNTIAGV","2"
"LIWKVNPEI","2"
"LRKERLAKL","2"
"MDYHKILTA","2"
"QHSTTLFKI","2"
"QIIHDFVDK","2"
"RTAKVKNEV","2"
"SNRTPTVAP","2"
"KIKDVSYND","2"
"PVVLTGGTG","2"
"RLPKRSVML","2"
"YANCSSISI","2"
"DHLGLDDQE","3"
"EGAFFLYDR","3"
"FLFQLNDTI","3"
"GAVKYLEGH","3"
"GVIAFLILA","3"
"IDNNTFVRL","3"
"NLHYWTAQE","3"
"SSGKLGLIT","3"
"QIDKNKLYL","3"
"TLVGVVVST","3"
"TRAADEPPL","3"
"DLVLFDLDE","4"
"GVATDVPSA","4"
"KKILMNFHQ","4"
"QYPTAWQSV","5"
"KLFSYGTLI","5"
"KLLLWFNYL","5"
"MLYQLLEAV","6"
"AMYYRRTER","6"
"DIKDTKEAL","6"
"DLYDYITRI","6"
"DMRKRIEAF","6"
"DPKKTGGPI","6"
"EFKQILTDF","6"
"EFKRRLKDL","6"
"EIKDTEEAL","6"
"EIKSLFNTI","6"
"ELDEIGEDV","6"
"ELRSLYNTV","6"
"ELVRKTRFL","6"
"EYKKSLYKF","6"
"FHLRSRFAF","6"
"FLDDASNSA","6"
"FMHSAAPIT","6"
"FMKVKFEAL","6"
"FPREGVFVF","6"
"FPRGQGVPI","6"
"FVRQCFNPM","6"
"FVRTLFQQM","6"
"HLKRTILAL","6"
"HLPELIWRS","6"
"HTAWDSHWV","6"
"IFRRDQIWF","6"
"ILLRKGHVF","6"
"IPKRNRSIL","6"
"IPRRNVATL","6"
"KVRGRLLAL","6"
"LAYARGQAM","6"
"LFQPLHTVM","6"
"LPQTRWQAV","6"
"LSDDSGLMV","6"
"MGHPKNAYL","6"
"NLKLYGAEF","6"
"NLPSKPVWL","6"
"NNKSRLVAF","6"
"PILPKLFIL","6"
"PLKVKDIPF","6"
"QAKWRLQTL","6"
"QARQMVQAM","6"
"QTDDGVRFT","6"
"RGRAATMAL","6"
"RIKTRLFTI","6"
"RLTGREGAV","6"
"RPYGKFRAM","6"
"TPRKKNYHF","6"
"TTLPVNVAF","6"
"VERLKHGTF","6"
"VVYKEAKIK","6"
"WLKERLPGF","6"
"WMDMWESPM","6"
"WMQELRAGA","6"
"WSILRQRCW","6"
"YLKKWLNSF","6"
"YRKPSGGVF","6"
"YYLEKANKI","6"
"FIFLKKNEL","9"
"AINVEKIEL","12"
"IQGNVTSIH","12"
"ALDISFTGA","12"
"AMISLAKKI","12"
"AVGIGLRLV","12"
"CTDPPLLSV","12"
"FGLLPEHYV","12"
"FLMRNAIQY","12"
"FLRGRAYGL","12"
"FQMGGIGPM","12"
"GLLDWGMQQ","12"
"IAHGFEQYI","12"
"IIFDFFDSL","12"
"KAYANMWSL","12"
"LLRRRPYPL","12"
"MLYPLLWMF","12"
"RIYRKGNPL","12"
"RQNAPFEPI","12"
"SLFNWLWYE","12"
"SMHFYGWSL","12"
"SQYDPKELL","12"
"TLRAAMISL","12"
"TVSERILPL","12"
"VFKVKLHEI","12"
"VLGSWPVDL","12"
"VTGCASLYV","12"
"WQDGGWQSV","12"
"YITDYSNDI","12"
"ELVSEFSRV","18"
"GTHSWEYWG","18"
"HSMSSTHEA","18"
"DLYDMIHNV","18"
"ELISSAFKV","18"
"ETDDYMFFV","18"
"FGGGPWWEV","18"
"FHFNPLPNV","18"
"FMYEDALKS","18"
"FTFEWNGRI","18"
"GLDDSALDA","18"
"GLYEWISEQ","18"
"GMDPRMCSL","18"
"GQLASMVKL","18"
"IMALKQAGL","18"
"ITSYKFESV","18"
"MQACPVDAI","18"
"NLIDWFNQT","18"
"RFLEDYFGV","18"
"RQIQGIAAF","18"
"SIYHTGVEL","18"
"SLFDVGKFT","18"
"TLKDAMLQL","18"
"TMDPSVRVL","18"
"TVADIWHAM","18"
"VLPFDIKKL","18"
"VLSELPDFL","18"
"VQDPKFWEL","18"
"WLYDLWGQL","18"
"YADHGANQL","18"
"YFKRELKSF","18"
"IISAVVGIL","21"
"IISAVVGIL","21"
"ALFYKDGKL","21"
"KIEDLINQL","21"
"MAGSSAMIL","24"
"GLKISLCGI","24"
"KLHCTERSL","24"
"KLWASFFQG","24"
"KLYERNTAF","24"
"KVHADDIPV","24"
"MMFDAMGAL","24"
"MSDIFHALV","24"
"MSDWGHITV","24"
"MTACGRIVV","24"
"MTSERTLAV","24"
"MVVKVNAAL","24"
"NISLPLYTV","24"
"NQNDNEETV","24"
"RAWGRRLMI","24"
"SFYGYGFNV","24"
"SMLSYGNVL","24"
"TVVPLMAFL","24"
"VLPPEINSL","24"
"YHLGGIEGL","24"
"YLPEDSDIL","24"
"YNIDRLNAL","24"
"VLRDDLCEA","29"
"ALSPPLLLL","30"
"DLNKVIQFL","30"
"DMWEHAFYL","30"
"FSYNVAYAI","30"
"GLYPAQIKA","30"
"HQFTSNPEV","30"
"ITAALAWSL","30"
"IVAQGIAAL","30"
"KLAEIFQPF","30"
"KLQWLFAAL","30"
"KLYFWIPWS","30"
"LMQDCAIKA","30"
"MMLAQAYYG","30"
"RTCSNWVPL","30"
"SIYEVGIVL","30"
"SVFELSNFA","30"
"VLFRLENHA","30"
"VVPYEPPEV","30"
"WLLLRQLPI","30"
"YINMAWNLV","30"
"YVIRDLAAM","30"
"KVLDIDEIL","33"
"AAGIGILTV","36"
"AIVGGLAEL","36"
"FAFKLSFAI","36"
"FVRELLTEV","36"
"HLEDGIYGI","36"
"IVFYSYAGV","36"
"KFLDWMIFI","36"
"KLHRYIDSM","36"
"KMLDPRQGL","36"
"KQWIVAGAI","36"
"LIIDEIGYL","36"
"MLEEMQSAV","36"
"MLVGHMPFM","36"
"MTTEDMLEV","36"
"NLEKKITNV","36"
"RVACRDVEV","36"
"SLGDPLHQA","36"
"SLIPDATHL","36"
"SVFQGALFA","36"
"SVYSWAIML","36"
"YTIEGIAFM","36"
"YTITSLFSL","36"
"YTLNNGVAM","36"
"EIINNITAV","41"
"IISAVVGIV","41"
"IISAVVGIV","41"
"SQIMYNYPT","42"
"QIMYNYPTM","42"
"GITYQAWQA","42"
"FIVEHINAM","42"
"FMVYVPLPA","42"
"FTFDNSKFV","42"
"HLGNVKYLV","42"
"ILHRLAPWI","42"
"KMFNSVGGA","42"
"MTSELAALI","42"
"SLGQYIYET","42"
"SLPPNFSSL","42"
"SLSRFSWGA","42"
"TLKPGTMSV","42"
"VLVKSPNHV","42"
"YTFTSLFSL","42"
"LIDNPDNNL","46"
"YIIKKNDIV","47"
"TVMINNVKL","47"
"FEWYYQSGL","48"
"FMVAWGKEA","48"
"FTLDADLGI","48"
"GIYCTVPFI","48"
"GLAGGAATA","48"
"KINIFMAFL","48"
"KQMEDGHTL","48"
"NLYGWHLPL","48"
"RMWEFLDRL","48"
"SILEYAKSI","48"
"SMFYGIFPS","48"
"YVIEPAAGL","48"
"EMQLKIDKL","49"
"YIDISDVKV","49"
"EINNELELV","50"
"RIIYIIRFL","50"
"ELLNILTEL","53"
"EVNKALYDL","53"
"QSLGAEIAV","54"
"SAWQGDTGI","54"
"FGAQMGWPV","54"
"GILKSILKV","54"
"MVAKYDLLV","54"
"NLKDEQFPV","54"
"TLKDGDFIL","54"
"TVFCFFNYI","54"
"VLPPLSADL","54"
"YMYAVSGAL","54"
"VLESCWPDV","56"
"FVEPEELNL","56"
"TLKQRLTNL","57"
"TINDLKMML","58"
"AMASTEGNV","60"
"WILRGTSFV","60"
"LLSSNLSWL","60"
"ELYENKPDV","60"
"FLNEDHWAS","60"
"FLRFGDFKL","60"
"GIYHDICEI","60"
"MIAVALAGL","60"
"MLGEETIKV","60"
"QLQCHQIAI","60"
"RLDARLQVL","60"
"RQLLWRYQI","60"
"SLFPEFSEL","60"
"YLEPGPVTA","60"
"MPQMKKILK","63"
"ILSALVGIL","64"
"LILDPKINV","64"
"ILSALVGIV","65"
"QIMYNYPAM","65"
"AMLDHAGDM","66"
"AMPKTIYEL","66"
"CMLDGGNML","66"
"FLHPKHWGT","66"
"GLQADAPHL","66"
"KLKSLYNTV","66"
"LLLRPFWPA","66"
"LMQCWQLLA","66"
"LTVKHMANV","66"
"MLIASTTGM","66"
"MVFGRFSFA","66"
"SMIFSVLDA","66"
"SMVNGVVRL","66"
"SVFSRPLPL","66"
"TLLMNELGV","66"
"VLNETTNWL","66"
"VMNPLGLNV","66"
"IISALVGIV","71"
"KIIQRVQDL","71"
"VQQKWDATA","72"
"AAYHPQQFI","72"
"RAFPNAPYL","72"
"ALCRWGLLL","72"
"IMGAVLIWV","72"
"KLVANNTRL","72"
"KMFTYLMES","72"
"RQWAQDLTL","72"
"TLLCGAATA","72"
"WLAKSFFEL","72"
"YMSPHHKKL","72"
"YTYPIAHTA","72"
"YVDIIGLSV","72"
"SLFKNVRLL","77"
"FAPGFFPYL","78"
"FLILGMLLM","78"
"FLKNRFEAL","78"
"FVDGVPFVV","78"
"GMPNWCVSI","78"
"SMVNGVVKL","78"
"TVIEGLDKL","78"
"VLPFDIKYI","78"
"SLLDEGKQS","84"
"LSMAGSSAM","84"
"MLGHAGDMA","84"
"CLTEYILWV","84"
"FLARSALIL","84"
"GIYGAVIPL","84"
"GLYSLPHDL","84"
"SLKERIDML","84"
"SMVNGVIKI","84"
"TLNAWVKVV","84"
"VLYCVHQHI","84"
"VMSELFDTL","84"
"WLGNHGFEV","84"
"YMPSVVETL","84"
"VLPSIAKGL","90"
"MLDHAGDMA","90"
"CINGVCWTV","90"
"AIIRILQQL","90"
"DLMLLSYSL","90"
"FAMTVPLLI","90"
"GLCTLVAML","90"
"GLLEAGNSL","90"
"ITDQVPFSV","90"
"KLQPSDTLL","90"
"LAIVTTPLV","90"
"MLVGQVTLL","90"
"SLTPSPLDL","90"
"WQMFMKVTV","90"
"YMLSWGKEA","90"
"KIGPPTVTL","92"
"VLCLRPVGA","92"
"AEFGPWQTV","96"
"FVAEGDALV","96"
"PLWESATEV","96"
"QLAFTYCQV","96"
"SLVNGVVRL","96"
"SLYEKSGSV","96"
"ALQNLARTI","102"
"AMKGDLQSS","102"
"AMLGHAGDM","102"
"TLQSLGAEI","102"
"ILATDIAEM","102"
"KQWGWFALL","102"
"LMTGGVTLV","102"
"RVQFIPGQR","102"
"SLTECPTFL","102"
"TLYCVHQEI","102"
"YIVGYYSAL","102"
"ILSAVVGIL","106"
"ILSAVVGIL","106"
"RMFPNGPYL","108"
"SLGAEIAVE","108"
"VLEETSVML","108"
"ALSSDGDTV","108"
"AVGFFPTGV","108"
"GLDPTGVAV","108"
"NTIHFTAFV","108"
"RRSLLAHVR","108"
"VLLAFLNSM","108"
"VTTEVAFGL","108"
"WLGHPFTPV","108"
"WVWDTWPLA","108"
"YQVEGATRV","108"
"YVDIYAASV","108"
"VAANIVLTV","108"
"VLHKRTLGL","108"
"LLMWITQCF","109"
"DLMGYIPAV","110"
"ALEEGRKYV","114"
"AQRWANQIR","114"
"FIFFFLFNI","114"
"FQYYGIDWV","114"
"GVYGGLCLA","114"
"IVAPYLFWL","114"
"KLFIRQEEV","114"
"LLGPVIGML","114"
"LLPGVAHSI","114"
"RVRQAWDTL","114"
"TMLYNKMEF","114"
"VVPSYIPLV","114"
"KINIFMAFL","115"
"KLAAAWGGS","120"
"KLVMSQANV","120"
"RLVDDFLLV","120"
"ITDQVPFSV","120"
"FAFRDLCIV","120"
"TLHEYMLDL","120"
"KLPQLCTEL","120"
"RLVTLKDIV","120"
"ALFEDYPGC","120"
"CLGGLLTMV","120"
"DLMGYIPLV","120"
"FTIGNMFSL","120"
"ISDPLTSGL","120"
"KLQDLTLRC","120"
"KQLELFWVI","120"
"LVEKVLKIL","120"
"SIFERIREA","120"
"SRWAISHWL","120"
"TVYDINNEV","120"
"YMYDFILRF","120"
"YQYGDNLIL","120"
"FIDKKVLKV","120"
"SVWSKLQSI","120"
"GLSIVMPVG","126"
"FGKWRPVQL","126"
"FLEESHPGI","126"
"FQWHEAMFL","126"
"FTASVSTVV","126"
"GLHAAAPHL","126"
"IMAVGLVSL","126"
"YMKPGSSPL","126"
"VLMIKALEL","130"
"KIFCISIFL","132"
"FTSSFYNYV","132"
"MQYEVTQHA","132"
"SMVKLPIFL","132"
"TMPELAWAV","132"
"YLHPKDKYL","132"
"YMQQVSEGL","132"
"CLFKDWEEL","137"
"NLARTISEA","138"
"ELDDYMFFV","138"
"LQNFCQHLV","138"
"MAMTGLPQA","138"
"SMLLDNMEV","138"
"YQAGISAAL","138"
"FLTQNFGPV","144"
"KINRSKTPY","144"
"KLLPEGYWV","144"
"REFEAQNVP","144"
"YMLKDSAPT","144"
"ILSAVVGIV","149"
"ILSAVVGIV","149"
"VANNTRLWV","150"
"HAMSSTHEA","150"
"EMFGGTPAV","150"
"FVQGVIWNI","150"
"GMRDVSFEL","150"
"LIMEFNSLL","150"
"VMTEGRHAV","150"
"YTLNDAPYI","150"
"HLSLRGLPV","151"
"QLFNHTMFI","152"
"QTYKWETFL","156"
"FLAVGGVLL","156"
"ITDWLNFTL","156"
"IVLSHILPL","156"
"IYDFYNAEY","156"
"SMLPPGYPV","156"
"VPAWLPLGI","156"
"YMDAVFEYT","156"
"TLNDLETDV","162"
"WMNRLIAFA","162"
"AMQDPNPEV","162"
"FIAEIDHWI","162"
"HCIDKTPGL","162"
"RTDAWSYPV","162"
"VLYCVHQEI","162"
"YIITCCLFA","162"
"YITNRLELL","163"
"SLSEKTVLL","168"
"LLHDIGKPV","168"
"SLDQSVVEL","168"
"YPPPRYITV","168"
"YLPLSVFII","169"
"TVYDINNEV","170"
"VLVGGVLAA","174"
"FVDTMSIYI","174"
"HLTRVGPYL","174"
"LIGFALFGV","174"
"LLLTLLATV","174"
"SVASGIFNV","174"
"YVVWLMFSL","174"
"YLDKVRATV","180"
"KVEDPFYWV","180"
"NLSWLSLDV","180"
"KLITQPLPA","180"
"MMMGMFNML","180"
"SLAIDAYPL","180"
"WLDSVIQYL","180"
"YIYTRSFQM","180"
"LTLGEFLKL","180"
"VLPDVFIRC","180"
"YQSGLSIVM","186"
"ILNDEQLNL","186"
"MMQVWIQPL","186"
"YQIEGAWRA","186"
"KLGIGNSPV","188"
"ILVGDNSFV","192"
"RIYSHIAPY","192"
"RLPRIFCSC","192"
"SVIDHIHYM","192"
"YQTYVSPGA","192"
"YVIRAQLHV","192"
"GLHCYEQLV","198"
"KLYDSVYLT","198"
"RLPAYAPLL","198"
"SLQECVKMA","204"
"SVYDFFVWL","204"
"MIKPCCERV","208"
"LMVPGAAPV","210"
"YLSGTDDEV","210"
"FVDVIIIKV","214"
"DLMGYIPLV","216"
"AMDGGGFYA","216"
"MMLSPLVAL","216"
"MMWATAQAL","216"
"NMFTPYIGV","216"
"YMYRVWSPL","216"
"LLAVSSILL","228"
"KLIVTPAAL","228"
"ITDQVPFSV","228"
"FTWYGIAAL","228"
"KLAQAVMEM","228"
"KLIDVSKCI","228"
"LLGQNTPAI","228"
"LLPDSDVFV","228"
"LMTAISQGI","228"
"MQQAYQCIV","228"
"SLTDRELLL","228"
"SYRNFSFSL","228"
"VLDEPSIGL","228"
"KVVKLTPQV","231"
"AMCRTPFSL","234"
"AQSDFMSWV","234"
"ATGDYVAFV","234"
"HLSTAFARV","234"
"KIEIERKKL","234"
"MAMGILHTI","234"
"QIFNIISYI","234"
"YKDANISMY","234"
"TLFVIVPVL","240"
"IMYNYPTML","240"
"ILAKFLHWL","240"
"CLGGLLTMV","240"
"YLEPGPVTA","240"
"ITDQVPFSV","240"
"YLEPGPVTA","240"
"AAGIGILTV","240"
"IISAVVGIL","240"
"FLGLCAFLA","240"
"ILTDGPERV","240"
"KLTFLDVEV","240"
"NLADQLIHL","240"
"QVNDVLHSV","240"
"TIHDSIQYV","240"
"ILHDKIIDL","240"
"FLWGPRAHA","240"
"ALREEGEGV","240"
"LLQAYRFHA","240"
"QAYRFHACV","240"
"LQAYRFHAC","240"
"PLATFVRRL","240"
"YLFFYRKSV","240"
"SIISAVVGI","243"
"ALYWALMES","246"
"RARKRGITL","246"
"VMNILLQYV","246"
"WMIKETACL","246"
"YSRPWNWTF","246"
"YINNNIEEI","248"
"SMIEAESSV","252"
"WIFEIATPL","252"
"WLMKYPYQL","252"
"HVDGKILFV","253"
"QAMEDLVRA","258"
"MAMMARDTA","258"
"HFKKRFSTL","258"
"LLKLWIDKV","264"
"SMMPEAMTI","264"
"TMNSRYYLV","264"
"YLHIHPFKI","264"
"FVIGGMTGV","270"
"YIYGIPLSL","270"
"SLGLVILLV","276"
"IYAGSLSAL","276"
"EMADYIFFV","282"
"FLPKAAYAL","282"
"ILAGYGAGV","288"
"LLNNSLGSV","288"
"RLYEWQHVS","288"
"YLQYSISTA","288"
"LLDEGKQSL","294"
"SQIMYNYPA","294"
"FVFAPTHGL","294"
"GLPPGTPAV","294"
"KIFGSLAFL","294"
"KLPRWIFFA","294"
"WMIHTLEAL","294"
"VLGPLVALI","300"
"FAMRLLQAV","300"
"GLPESTPSL","300"
"FLALSILVL","300"
"GLFGGLNWI","306"
"VMDSIDVKI","306"
"AMEDLVRAY","306"
"GLQGIYVLV","306"
"VLFSSDFRI","306"
"YIIPCILIL","306"
"DMAGYAGTL","312"
"FLADKKMTL","312"
"FMPESSYLL","312"
"ILDSFDPLV","312"
"FLWGPRAYA","318"
"TQFAGVVTV","318"
"GMPPCLLAL","324"
"QQFAVGSYV","324"
"FIIDNFGSV","324"
"GLVGVLAGL","324"
"IMYNYPAML","324"
"YLHRDIFDI","324"
"IVIEAIHTV","330"
"NLATSIYTI","330"
"SLYNTVATL","330"
"HLIDYLVTS","336"
"AMAAGLSSL","342"
"TLVPQEHYV","342"
"WLKGNISPV","342"
"YLYQPCDLL","342"
"NLAEDIMRL","348"
"YMLWNSWLS","354"
"YTWNGTQWV","354"
"KLTFLDVEV","356"
"DMWEHAFYL","360"
"QLSDVIDRL","360"
"FLWGPRALV","360"
"FIDSYICQV","360"
"AMLVGQVTL","360"
"FLPGQYMNI","360"
"FLWGPRALV","360"
"KVAELVHFL","360"
"QLLGWYSRV","360"
"QMISPVMSV","360"
"YLGTALMGA","360"
"FLQALNLGI","360"
"FVGEFFTDV","360"
"QLYRFHACV","360"
"ETVWPFFYA","366"
"FMPKVNFEV","366"
"GMSWITQGL","366"
"ILGTVSWNL","366"
"QMSWLPLCV","366"
"SLAALFYSL","366"
"SLFGGMSWI","366"
"VLYCVHQRV","366"
"FLFMDRDAL","372"
"NLFDWMHFL","372"
"WQLTSIWPI","372"
"FLTSELPQW","378"
"AMYMALIAA","378"
"FLPPQIPVI","378"
"FMQEIPTFL","378"
"GMFGGCFAA","378"
"KMDIGVPLL","378"
"ILNDEQLNL","382"
"FVVDTTPPL","384"
"ILAKFLHWL","384"
"RVMAIFMAL","384"
"YLYFCSSDV","384"
"GLYPQLSAI","390"
"IISDLSIFI","390"
"SGLSIVMPV","396"
"GMGPSLIGL","396"
"IILKALYML","396"
"ILHNGAYSL","396"
"KQLEWKWGI","396"
"LLQGVPFHV","396"
"SLDISLETV","396"
"IVIEAIHTV","400"
"FIYAGSLSA","402"
"LLDSLPMDV","402"
"GMAEDLQSL","402"
"YSLEYFQFV","402"
"RTLDKVLEV","408"
"SIIGILHLI","408"
"ILAALFLGL","414"
"SLLDKIIGA","420"
"RLIGHISTL","420"
"FLLLADARV","426"
"KQLEYSWVL","426"
"AIYDTMQYV","432"
"TLARGFPFV","432"
"YLGLTQPFL","432"
"CLPGVIMSV","438"
"YLIIGILTL","438"
"YLNKIQNSL","438"
"WTLETLPRV","444"
"YMIKLAKEV","444"
"LLFGYPVYV","453"
"FMFNDLLKL","456"
"LITNTIAGV","456"
"MLGTHTMEV","456"
"NLVPMVATV","456"
"RLLPLLALL","456"
"VLSPTIGHV","456"
"FLKPEETFV","462"
"ILDTGTIQL","468"
"TLYEAVRKV","468"
"ILGLPTQTV","474"
"GLLHHAPSL","480"
"LLAFTNPTV","480"
"LLNYILKSV","480"
"VLMKYDQSL","480"
"ILTLANWCL","480"
"RLARAIIEL","480"
"SMYQLMITI","480"
"FLFGEPKRL","480"
"ILAKFLHWL","480"
"CINGVCWTV","486"
"LLDKRQFEL","486"
"SLLSEFCRV","486"
"TLFDWGFAL","486"
"WMYNIQPYL","486"
"KMNNDVFFM","492"
"YLFLICHNL","494"
"YLLDGLRAQ","498"
"FVANFSMEL","504"
"GQWDGWVWL","504"
"MLAKYDHLV","504"
"YLYLRPYAL","504"
"ALLKHRFEI","510"
"SLFGAAVSL","510"
"TLAQSLIDV","510"
"VLIRRCHYL","510"
"KIFGSLAFL","514"
"FLGQADFSL","516"
"MLMAASRAL","516"
"SLVKHHMYV","516"
"KLTEEIIKL","522"
"FVMPIFEQI","540"
"GLYDGMEHL","540"
"ALLDPSQGM","546"
"MMARDTAEA","546"
"RIFPATHYV","546"
"IIMDEAHFL","552"
"ALALAQKGV","552"
"AMLHWSLIL","552"
"FIDSYICQV","552"
"FQWWRSHPL","552"
"TLYAVATTV","552"
"YLVDCGAEL","552"
"YLIHDWDAV","558"
"SMAGSSAMI","564"
"GMVAPLYGV","564"
"FVFGIPLLV","564"
"LLKDLMPFV","564"
"YIMKLHHLV","564"
"YLKKKNHPL","564"
"LLDKQQFEL","570"
"SLKDVLVSV","570"
"KIDDMIEEV","572"
"KLVANNTRL","576"
"AMPGVLSYV","576"
"HIMPNSFRV","576"
"LALDSYWPV","576"
"ILKEPVHGV","581"
"LLCPAGHAV","582"
"ALSEFIKFA","582"
"LLMEGLKLL","582"
"TVAPFNPTV","582"
"RMIAISAKV","588"
"WMLGTGVYL","588"
"FLDPASIAA","594"
"ELIKAMNHF","594"
"FLDPASIAA","594"
"GLIPQWVTL","594"
"KVDDTFYYV","594"
"RVYEALYYV","594"
"LIIPFIHLI","600"
"FQPSFSHLV","600"
"FLAFFSNGV","600"
"YLSAKITTL","600"
"ALLTGSYTI","606"
"LLCPAGHAV","606"
"VLSDFKTWL","612"
"SLYSGFPSL","612"
"PLMALLTPV","624"
"YITALNHLV","624"
"RIFAELEGV","630"
"MMLVPLITV","636"
"KTWGQYWQV","642"
"SLARGFPFV","642"
"LLMTGGVTL","648"
"RLGPQGWRV","648"
"YMNGTMSQV","648"
"VLYDEFVTI","654"
"AMDTISVFL","660"
"AMDTISVFL","660"
"FMFNELLAL","660"
"RLYELIGSV","660"
"LVEKVLKIL","665"
"CLMTYSHHA","672"
"RLLQETELV","678"
"ILMDTICGT","684"
"WLIGFDFDV","684"
"FLPQILAEC","690"
"RVYAHVRSV","690"
"YLINGRIPV","690"
"YILGFAIPI","696"
"LLIENVASL","702"
"FLIVSLCPT","708"
"KQMSQPYAV","708"
"ILDSFDPLV","714"
"YLVTRHADV","714"
"KQLESVMYL","726"
"LLGATCMFV","726"
"MLAESCDSV","726"
"SLLPAIVEL","726"
"WLYPGAQNL","726"
"YAGSLSALL","732"
"ILNDSGETV","732"
"GLYLYRFHV","732"
"ILIDTSAWV","732"
"ILNDSGETV","732"
"SLASLLVSL","732"
"SLYAVTTAV","732"
"KVDDTFYYV","733"
"FLQFKTWWI","733"
"WLIDMKSLV","738"
"YLSAKITTL","739"
"AVGSYVYSV","744"
"HLLCQAFSV","744"
"YLLGDSDSV","762"
"YLSGANLNL","762"
"KLTPLCVTL","768"
"FVFSTSFYL","774"
"YLPEVISTI","774"
"FLIYFRSPL","780"
"KLMPICMDV","780"
"KLFSDISAI","786"
"KLGGYVSFV","786"
"VLSDLCNFL","792"
"QIDVEKKIV","799"
"DIDEILEKV","803"
"HMWNFISGI","804"
"YLAEGHACL","804"
"KIEIERKKL","808"
"KLTSYSAGL","810"
"SLLLELEEV","810"
"ALAPWQQAV","816"
"YLNDFAQLL","816"
"SLDLTTSPV","822"
"KLLPVHYYM","822"
"SLKDVLVSV","827"
"ALSGFCAAV","828"
"YLDYDTIYV","828"
"FLRDNLYHV","834"
"FMIVNNFPV","834"
"IMSSFEFQV","834"
"RLYDYFTRV","834"
"IMDQVPFSV","840"
"GMYGHPFAL","840"
"ILWDYFSLV","840"
"TIEELKQKL","845"
"FMIDWILDA","846"
"ILDQKINEV","846"
"LMWDNVGLV","846"
"VLYDEFVTI","847"
"MMLVPLITV","848"
"HLDDVGFLV","852"
"IMLKANFSV","852"
"LNIMNKLNI","856"
"LLFGMPPCL","858"
"YLDGQLARL","863"
"AMMARDTAE","864"
"RVYEALYYV","866"
"WMYEGKHVL","870"
"QVKDEKLNL","875"
"RMMETWHPL","888"
"ALAGNHWHV","900"
"KIDYYIPYV","900"
"RMFPNAPYL","906"
"YLSDSAINI","906"
"AMILAAYHP","912"
"GLFGFVNFV","912"
"KLFTHDIML","912"
"KMVEIPFNV","912"
"YLDMVLAFL","912"
"YMYTNLACI","918"
"SLDDYNHLV","924"
"FLQGAKWYL","930"
"FMSSFYNYV","930"
"VLWKSYPLV","930"
"LLYAHINAL","936"
"AQMVWIHGV","942"
"GIALAVPCV","942"
"TVYPKTHYV","942"
"FLHESDPMV","948"
"GLFPFHFTL","954"
"KLWTSISCA","954"
"AQIGVIGVF","960"
"GLSEGAYHV","960"
"ILMRHLKNL","965"
"FLSFASLFL","966"
"HLSGPLAGV","966"
"SIIGRLLEV","966"
"AQIGIFAPV","972"
"AMWDWSKSV","978"
"GLADQLIHI","978"
"SMSMILVGV","984"
"GLAELLAAL","984"
"YLIGGSATL","984"
"SEHFSLLFL","990"
"NLVPMVATV","996"
"VLTDWAAPV","996"
"YQLEMYHPI","996"
"YITALNHLV","1000"
"FMYSDFHFI","1008"
"ILLSCIHTT","1008"
"FLWHNDFMM","1020"
"ILYNEYNFV","1020"
"LIQEIVHEV","1026"
"LMMSSPPPI","1026"
"SLIGLAMGD","1032"
"KLLGQINLV","1044"
"SLADQLIHL","1044"
"NMLSTVLGV","1050"
"YIGEVLVSV","1050"
"YLYDETQDV","1050"
"SLLMWITQV","1050"
"IPDGWWWAI","1062"
"KLLEPVLLL","1062"
"KLFSDISAI","1065"
"AMLAGTAVV","1068"
"VLWAHGFEL","1068"
"YLVDSVAKM","1074"
"FLDGNEMTL","1074"
"AIIDYIAYM","1080"
"VLNDQYAKV","1083"
"AMMWRIAQL","1092"
"GLLASAPGI","1092"
"KMSGKTPAV","1092"
"RMMGKTNPL","1098"
"VLIEVNPPF","1098"
"ALFPIIWAL","1104"
"KISNTTFEV","1110"
"KISNTTFEV","1110"
"VLNPYMPTV","1110"
"GLMWLSYFV","1116"
"LLHEVGITV","1116"
"TLWVDPYEV","1122"
"SMHYKLDEV","1128"
"YLIPAVTSL","1128"
"YLNAVSLCI","1128"
"GLYEAIEEC","1140"
"VMATLLPPV","1140"
"FLMGFNRDV","1146"
"KLIIHNPEL","1146"
"LIQEIVHEV","1147"
"ALYEKKLAL","1152"
"LMASISSFL","1152"
"ALYEKKLAL","1152"
"FTMRLLSPV","1152"
"ILLWEIPDV","1152"
"FLTSVINRV","1157"
"KECVDGTLL","1158"
"RLNMFTPYI","1158"
"VLAGIFAGV","1158"
"ALKEAIEMV","1170"
"YLLLALSLA","1170"
"YTMDGEYRL","1170"
"MLLSVPLLL","1172"
"MLLSVPLLL","1172"
"WLSLLVPFV","1176"
"FLADYGWRL","1182"
"ALSNLEVKL","1188"
"YMYQYIQEL","1188"
"SMSADVPLV","1194"
"YLSTAFARV","1194"
"ALWGFFPVL","1200"
"FMSMVSHEL","1200"
"ILHCANFNV","1200"
"RLYDYFTRV","1202"
"GLYGNGILV","1206"
"GLYGNGILV","1206"
"FLDGNELTL","1212"
"KLGDITLFL","1212"
"TLLDYAAGV","1212"
"KLWGLVDFV","1218"
"KISYYIPYV","1224"
"GILGFVFTL","1224"
"RLIPYDWEI","1229"
"KLVGKTVKV","1230"
"GLADQLIHL","1242"
"GMMRWCMPV","1242"
"YLSFIKILL","1246"
"SLFLGILSV","1254"
"ALNELLQHV","1260"
"FLTSVINRV","1260"
"GLADAFILL","1260"
"GLFDFVNFV","1266"
"FLSHKIHVI","1272"
"FTWQHNYYL","1278"
"REVLNVRYM","1284"
"YLYASFCTV","1284"
"HLVEALYLV","1290"
"FLYDRIAST","1314"
"LLFLKDVEP","1314"
"YLPRFLFGV","1314"
"YMHGSIHEV","1314"
"RLMKQDFSV","1326"
"KIDYYIPYV","1327"
"SLFGQRIEV","1332"
"KLADMSIYC","1338"
"PLFKRGWRL","1344"
"QLAGYILTV","1344"
"RLANLLPLI","1344"
"YLAGWGFVV","1350"
"YLPDPTVGV","1350"
"FMFDYIPPV","1362"
"VLSLELPEV","1364"
"VLAEAMSQV","1368"
"VLDRRLHLV","1368"
"KLFTHDIML","1369"
"ALLNIKVKL","1374"
"KLSDSKITV","1380"
"LLADGLAKA","1386"
"KLWAQCVQL","1392"
"YQVKYVSPV","1392"
"FLYALALLL","1404"
"LMAEDLANV","1404"
"NLNCCSVPV","1410"
"FLSQRVAFL","1410"
"HMIDKLFYV","1410"
"WLIGFDFDV","1413"
"SLSNLDFRL","1415"
"AMLNGLIYV","1416"
"SLFSLLPGV","1422"
"SLMAFTAAV","1440"
"YLVAYQATV","1440"
"CFMYSDFHF","1440"
"YLIPSVTSL","1446"
"KLSHQLVLL","1452"
"ALYGWTVLV","1452"
"ILSDENYLL","1464"
"YQLGDYFFV","1464"
"IMDQVPFSV","1470"
"ALLDLGWTI","1470"
"ILFGHENRV","1476"
"SLIDLLHKI","1494"
"FLAAECPFL","1500"
"FLLDYEGTL","1500"
"FLSSFYNYV","1500"
"FLWDEAWYA","1500"
"FLSDYGPQL","1506"
"ILFDRLPIA","1506"
"SLSAYIIRV","1512"
"YLARNAVPV","1524"
"YLMAWKQVL","1530"
"SLSAYIIRV","1531"
"KLMDVVYSI","1536"
"LLLPIAPEL","1542"
"YLAWVPAHV","1548"
"RLDPRLAPV","1554"
"ILDDNLYKV","1566"
"ILDDNLYKV","1573"
"ALWEIQQVV","1584"
"FLHGGDFGV","1584"
"VLYHRYNLV","1584"
"FLYDRLAST","1602"
"KLLPDTAAV","1602"
"RLTRFLSRV","1602"
"YLACKQHAL","1608"
"IMYNYPAML","1614"
"AMIDRLHQT","1614"
"LYKTIVNIW","1614"
"ALIGGFKPV","1620"
"KLSDSKITV","1624"
"ALMPYMPPA","1626"
"FLDKGTYTL","1632"
"SMQKTIPLV","1638"
"SMQKTIPLV","1638"
"YLFQWNDNV","1644"
"YLEPGPVTV","1650"
"ILMEHIHKL","1650"
"KLMPGSIYV","1650"
"KLYEGDLRV","1650"
"VLAGWLFHV","1662"
"FLWWNAAPA","1674"
"IYCGFKFAW","1674"
"KLINTLFHA","1686"
"ILDKKVEKV","1698"
"GLYEFTILV","1704"
"WMFRIRIIL","1710"
"VLSGYIASV","1716"
"FLLPILSQI","1722"
"VLMGGVPGV","1722"
"GILGFVFTL","1734"
"ILSDENYLL","1740"
"YLVENTSHL","1740"
"LLFLKDVEP","1741"
"FLLDKKIGV","1746"
"YLYPWSLGL","1752"
"TLMKHQEPV","1764"
"FLTQDLPLL","1770"
"GLAATSFPL","1770"
"YMLDMTFPV","1776"
"LLTEVETYV","1794"
"VLCPYMPKV","1800"
"YLDAIQQPV","1806"
"YLTSFVVPI","1824"
"LLYDGSFAV","1842"
"ALMDYGFRV","1848"
"ILYAHLHKL","1848"
"RLIDFLKDV","1860"
"FLLENAAYL","1902"
"FLLQDTVEL","1908"
"RLWDVEQGV","1938"
"FLQDESAYV","1944"
"YLISIFLHL","1950"
"FLWGFFPYL","1962"
"YAAPQLFPV","1968"
"YLYETYHLI","1980"
"FLAGGPHAV","1998"
"YLSSWTPVV","2004"
"FMYEGDTPL","2016"
"FLIDLAFLI","2052"
"FLYDISISL","2064"
"FIYGYLEPV","2070"
"ILAAIAVGV","2100"
"AMIPKDWPL","2105"
"FLDPHPYYV","2142"
"GLNDYLHSV","2166"
"YLMPYSVYI","2178"
"ALFDGDPHL","2238"
"ALLGGLRPV","2238"
"LLWNGPMAV","2292"
"LLWNGPMAV","2292"
"KLTELNAEL","2296"
"YLIPFIWFV","2352"
"ALAAATPMV","2400"
"ALAALITPV","2400"
"FLSNVGHYV","2400"
"SVVCFFFLV","2400"
"KLIDCYTFL","2437"
"ALIDFLAAV","2442"
"ALMEVTHVL","2454"
"ALSNGIPPV","2538"
"VLHDDLCEA","2593"
"YLLADTFTV","2628"
"ALLENIHRV","2682"
"YLAENTFVV","2760"
"YAMSNLFSI","2817"
"ALSPVIPHI","2862"
"ALVSEVTEV","2886"
"GLNDYLHSV","2938"
"FVGEFFTDV","3600"
"FLQALNLGI","3600"
"FLAELAYDL","3600"
"ELFDSLFPV","4800"
"YMDGTMSQV","4932"
"VLFDDLCEA","11985"
"AATEAEKQL","45658"
"AVLYYHMMK","45658"
"AVSHLTTLA","45658"
"FDAVLYYHM","45658"
"GLITNTIAG","45658"
"GLSVQQGIV","45658"
"IAGVAGLIT","45658"
"IIHDFVDKT","45658"
"ISTIGIRPS","45658"
"ITDKIDQII","45658"
"LFQRTFSIP","45658"
"LQSPPIREA","45658"
"LRRWGGTCR","45658"
"LSFTVVSNG","45658"
"LVVGEKACL","45658"
"MQISTIGIR","45658"
"NITDKIDQI","45658"
"NKFMAILQH","45658"
"NLEHGLFPQ","45658"
"QDQDHTQEA","45658"
"QLVCKDHLA","45658"
"QQTNAMVTL","45658"
"RILGPDCCI","45658"
"RVIPVYQVN","45658"
"SEELSFTVV","45658"
"TIGEWAFWE","45658"
"TLAGVNVGE","45658"
"TPQFLLQLN","45658"
"TTQALQLFL","45658"
"TTQALQLFL","45658"
"VLDHILQKT","45658"
"VVAFLILPQ","45658"
"YLEGHGFRF","45658"
"YTYPDSLEE","45658"
"AKAIITPIV","45658"
"ALKKLIIDR","45658"
"FANPLSNPF","45658"
"IGIEILNTI","45658"
"ILPWTKISE","45658"
"KFPYEGGKV","45658"
"KLSLTKLFS","45658"
"KTFKDESIF","45658"
"LHSLSVETI","45658"
"LLFGIKCIK","45658"
"SLMEMDYER","45658"
"SLYPNVCIF","45658"
"SSQMTSTFI","45658"
"VVLTGGTGV","45658"
"AAVSHLTTL","45659"
"ATEDPSSGY","45659"
"ATTAAGPPK","45659"
"GAFFLYDRL","45659"
"GAFFLYDRL","45659"
"GLITGGRRT","45659"
"GTGPCAGDF","45659"
"LICGLRQLA","45659"
"QLNETIYTS","45659"
"TELRTFSIL","45659"
"TPVYKLDIS","45659"
"WVIILFQKA","45659"
"LYQLLEAVY","45659"
"NCSSISIKL","45659"
"TEQAFYTRV","45659"
"TLCDMIKGT","45659"
"GVTGILQLP","45660"
"SDMDYHKIL","45660"
"SVQQGIVRQ","45660"
"VKRLEELLP","45660"
"AFGLYKSIN","45660"
"LSPETLVGV","45660"
"YLLFGIKCI","45660"
"GLMHNQDGL","45661"
"VGHMMVIFR","45661"
"RLGADLDAV","45661"
"ASLFLPKLV","45662"
"HAEQGLIQY","45662"
"VPGPHRTIH","45665"
"AITAASLPK","45689"
"HPLARTAKV","45689"
"IALGVATAH","45689"
"IIHDFIDNP","45689"
"ILTAGLSVQ","45689"
"IMASENSSA","45689"
"KLIWKVNPE","45689"
"LFLPKLVVG","45689"
"LGVATAHGS","45689"
"LITSTVTGI","45689"
"LQRWGGTCH","45689"
"LVCGLRQLA","45689"
"MPLGVVTNS","45689"
"NIKRTLAAM","45689"
"PFARLLNLS","45689"
"QAFEAGVDF","45689"
"RLASTVIYR","45689"
"RLASTVIYR","45689"
"RSQGPFDAV","45689"
"VMNHKNKFM","45689"
"YKLFLESGA","45689"
"DSLSSQMTS","45689"
"HSLSVETIT","45689"
"ILSLPRIAL","45689"
"KLIIDREVV","45689"
"KMDNGTLEF","45689"
"LNASQYANC","45689"
"LSLTKLFSY","45689"
"LTKLFSYGT","45689"
"PMLYQLLEA","45689"
"VLNGAELSN","45689"
"WAMEKSSKY","45689"
"YNIDKIKDV","45689"
"AIDFLLRRW","45690"
"ATGFGTNET","45690"
"DNSTHNTPV","45690"
"FLLQLNETI","45690"
"LGSLGLRKR","45690"
"LSFASLFLP","45690"
"MHNQDGLIC","45690"
"REPVNATED","45690"
"RRTRREAIV","45690"
"SLTESDMDY","45690"
"TIHHASAPL","45690"
"VIYRGVNFA","45690"
"VRLHPLART","45690"
"VVFSTSDGK","45690"
"VVTNSTLEV","45690"
"YKLDISEAT","45690"
"TETKITFAL","45690"
"GLMHNQNAL","45691"
"KLTEAITAA","45691"
"QLSNTTGRL","45691"
"SETAGNNNT","45691"
"ILFQKAFSM","45692"
"ILFQRTFSI","45692"
"RLAKLTEAI","45692"
"LSVETITEK","45692"
"KMTLFKSIL","45713"
"AIDFLLQRW","45717"
"ARFSGLLIV","45717"
"ELLPAVSSG","45717"
"FPQLSAIAL","45717"
"FQKAFSMPL","45717"
"GLDDQEKKI","45717"
"GSYGEYQSY","45717"
"HHQDTGEES","45717"
"HMQISTIGI","45717"
"IHHASAPLT","45717"
"IPLGVIHNS","45717"
"IQAFEAGVD","45717"
"KAIDFLLQR","45717"
"KEGAFFLYD","45717"
"LEELLPAVS","45717"
"LMLCLHHAY","45717"
"LQLNETIYT","45717"
"MNHKNKFMA","45717"
"NAGQFLSFA","45717"
"PTAWQSVGH","45717"
"SAMVQVHSQ","45717"
"THNTPVYKL","45717"
"TSFFLWVII","45717"
"VNNLEEICQ","45717"
"YTENTSSYY","45717"
"YVQLESRFT","45717"
"EILNTIQFM","45717"
"FRAFRNLNV","45717"
"INVEYRFLV","45717"
"KAFGLYKSI","45717"
"KITFALKKL","45717"
"KQKMFSNNV","45717"
"LASLTPKAQ","45717"
"LLLWFNYLF","45717"
"LVRHACRDC","45717"
"PLASLTPKA","45717"
"RMNSNQVCI","45717"
"RPVVLTGGT","45717"
"VNPGTYVYF","45717"
"VSYNDYFNV","45717"
"AHGSTLAGV","45718"
"ATGKCNPNL","45718"
"EGIYTEGLM","45718"
"ERLAKLTEA","45718"
"FFLWVIILF","45718"
"GLFPQLSAI","45718"
"LVLFDLDED","45718"
"SRPQKIWMA","45718"
"STHNTPVYK","45718"
"TEAEKQLQQ","45718"
"YQVNNLEEI","45718"
"YTSGKRSNT","45718"
"AVDRGCLRI","45718"
"HAYQGDYKL","45719"
"ILQKTERGV","45719"
"KRLEELLPA","45719"
"MEGLSLLQL","45719"
"RTFSIPLGV","45719"
"YVHKAQGTG","45719"
"KLYLVDYGL","45719"
"FLYDRLAST","45720"
"FLYDRLAST","45720"
"KLFLESGAV","45720"
"VAGLITGGR","45720"
"AMVEYVSAG","45720"
"EDLIEWAME","45725"
"AFFLYDRLA","45748"
"AFFLYDRLA","45748"
"AIGLAWIPY","45748"
"ARLLNLSGV","45748"
"ASDTPSATT","45748"
"DMDYHKILT","45748"
"GLIQYPTAW","45748"
"GVIHNSTLQ","45748"
"IIQAFEAGV","45748"
"KSSFFVWVI","45748"
"LEKVQRQIQ","45748"
"LMHNQDGLI","45748"
"MHNQNALVC","45748"
"NQNALVCGL","45748"
"QVEQHHRRT","45748"
"RTRREAIVN","45748"
"SSGYYSTTI","45748"
"TVAPPAPVY","45748"
"GNLSPETLV","45748"
"IDILRSLET","45748"
"KVTAASPML","45748"
"NGTLEFTPI","45748"
"RPVILSLPR","45748"
"STFIMLEGE","45748"
"SVMLIGIEI","45748"
"VIRANNNRL","45748"
"AIALGVATA","45749"
"DKIDQIIHD","45749"
"MDSRPQKIW","45749"
"NGLITSTVT","45749"
"PGPDNSTHN","45749"
"QGIVRQRVI","45749"
"QLIIQAFEA","45749"
"YLFEVDNLT","45749"
"FGLYKSINV","45749"
"LPRIALVRL","45749"
"VCIDILRSL","45749"
"FLDPATTTS","45750"
"GLLIVKTVL","45750"
"LLMLCLHHA","45750"
"LMHNQNALV","45750"
"SLFLPKLVV","45750"
"EYKTLCDMI","45750"
"NLHYWTTQD","45751"
"TLRVLQDQL","45758"
"AAIGLAWIP","45778"
"FFLYDRLAS","45778"
"FFLYDRLAS","45778"
"FLPKLVVGE","45778"
"FRSGVPPKV","45778"
"FRSGVPPKV","45778"
"FTPQFLLQL","45778"
"GKLGLITNT","45778"
"GLAWIPYFG","45778"
"GLNLEGSGV","45778"
"GMVPLHIPE","45778"
"HMMVIFRLM","45778"
"IRSEELSFT","45778"
"LILAKPKET","45778"
"MHMVAGHDA","45778"
"QLSAIALGV","45778"
"RTIHHASAP","45778"
"RYVHKVSGT","45778"
"SADSFLLML","45778"
"TNAMVTLRK","45778"
"VQRQIQVHA","45778"
"VTLDGQQFY","45778"
"GTGVGKTSQ","45778"
"IMLEGETKL","45778"
"LVINRLGAD","45778"
"NYLFGGFST","45778"
"STHKLSLTK","45778"
"VGLITCKAF","45778"
"AKLTEAITA","45779"
"AMNEENRFV","45779"
"QGDNDNWWT","45779"
"QGLIQYPTA","45779"
"SFFLWVIIL","45779"
"SLEEEYPPW","45779"
"VIYRGTTFA","45779"
"FNYLFGGFS","45779"
"IRWLGGILP","45779"
"LPWTKISET","45779"
"SISKSNAKC","45779"
"FSILNRKAI","45780"
"KRTSFFLWV","45780"
"RWGFRSGVP","45780"
"RWGFRSGVP","45780"
"CMIRWLGGI","45780"
"AVSSGKNIK","45781"
"FLSFASLFL","45781"
"GLICGLRQL","45781"
"AENTNTSKS","45809"
"AWQSVGHMM","45809"
"ELDHLGLDD","45809"
"FLWVIILFQ","45809"
"HHRRTDNDS","45809"
"KAIDFLLRR","45809"
"LDISEATQV","45809"
"LESGAVKYL","45809"
"LTAGLSVQQ","45809"
"MNAPDDLVL","45809"
"PTLTTPENI","45809"
"QQGIVRQRV","45809"
"QRVIPVYQV","45809"
"QVSDVDKLV","45809"
"RTSFFLWVI","45809"
"SLPKTSGHY","45809"
"VATDVPSAT","45809"
"VKYLEGHGF","45809"
"VRQRVIPVY","45809"
"VTLRKERLA","45809"
"AASPMLYQL","45809"
"FYTRVLKPS","45809"
"LITCKAFGL","45809"
"LRFANPLSN","45809"
"LYLVDYGLV","45809"
"MFLMTATLE","45809"
"RIPNSLHSL","45809"
"RNLNVTTQS","45809"
"FSMPLGVVT","45810"
"GTSNRTPTV","45810"
"IQNVPGPHR","45810"
"LFDLDEDDE","45810"
"LRTFSILNR","45810"
"MKDEPVVFS","45810"
"SQDTTIPDV","45810"
"AFIHIPGDT","45810"
"DSMFLMTAT","45810"
"YLVDYGLVS","45810"
"KVQRQIQVH","45811"
"MNEENRFVT","45811"
"VSSGKNIKR","45811"
"QIGDIIIAV","45811"
"QDGLICGLR","45812"
"YLFGGFSTL","45812"
"QVSIIQEKL","45814"
"VLISPVSIL","45835"
"ASTVIYRGT","45839"
"DDQEKKILM","45839"
"EWAFWENKK","45839"
"EYLFEVDNL","45839"
"FLLRRWGGT","45839"
"GVSTDIPSA","45839"
"HKNKFMAIL","45839"
"HLHQQLSNT","45839"
"KNISGQSPA","45839"
"LAKLTEAIT","45839"
"LFPQLSAIA","45839"
"LIWTLDANI","45839"
"LSLLQLPRD","45839"
"RFEVKKRDG","45839"
"RTLAAMPEE","45839"
"SGQSPARTS","45839"
"TAQEQHNAA","45839"
"TSSDPGTNT","45839"
"FLKIKVTAA","45839"
"FLVINRLGA","45839"
"LFSYGTLII","45839"
"LSLPRIALV","45839"
"QLLEAVYGN","45839"
"SQYANCSSI","45839"
"TFALKKLII","45839"
"DTGEESASS","45840"
"FLLQRWGGT","45840"
"GILGSLGLR","45840"
"MMVIFRLMR","45840"
"MVTLRKERL","45840"
"RAADEPPLV","45840"
"VMLIGIEIL","45840"
"WFNYLFGGF","45840"
"RLEELLPAV","45841"
"RLMRTNFLI","45841"
"LITGGRRTR","45842"
"FRFEVKKRD","45870"
"GLNLEGNGV","45870"
"GRLIWTLDA","45870"
"MLTPINEEA","45870"
"SLAKHGEYA","45870"
"ATNLEYKTL","45870"
"GMLRFANPL","45870"
"GTLEFTPID","45870"
"KLTDSLSSQ","45870"
"RLEEEINNQ","45870"
"SQMTSTFIM","45870"
"TLIIDEVHE","45870"
"FVRLDRPHT","45871"
"GVPPKVVNY","45871"
"LIHQGMHMV","45871"
"CLPPPPDGV","45872"
"KIWMAPSLT","45873"
"PWLTEKEAM","45873"
"FSTLDKITD","45873"
"AALSSLAKH","45901"
"AMPEEETTE","45901"
"CLHHAYQGD","45901"
"DGIRGFPRC","45901"
"IDQIIHDFV","45901"
"KILMNFHQK","45901"
"LLIHQGMHM","45901"
"LPAVSSGKN","45901"
"TVLDHILQK","45901"
"FSYGTLIID","45901"
"MLIGIEILN","45901"
"SLHSLSVET","45901"
"FQLNDTIHL","45902"
"VIHNSTLQV","45902"
"YQGDYKLFL","45902"
"LLWFNYLFG","45902"
"MIRWLGGIL","45902"
"DVDKLVCRD","45903"
"KILTAGLSV","45903"
"KLGLITNTI","45903"
"LLSQYVDDA","45903"
"SMFLMTATL","45904"
"HMMKDEPVV","45905"
"VLRDDLCEA","47348"
